id,propertyRecordId,address,paon,saon,street,locality,town,postcode,district,propertyType,estateId,estate,estateClassification,estateType,estateRuleId,estateRegistryVersion,estateEvidenceStatus,estateReviewStatus,price,date,market,category
lr-f2d462f2bf55064a939b,property:14 OXSHOTT WAY COBHAM KT11 2RT|KT112RT,"14, OXSHOTT WAY, COBHAM, KT11 2RT",14,,OXSHOTT WAY,,COBHAM,KT11 2RT,Elmbridge,Detached,oxshott-way-estate,Oxshott Way Estate,A,traditional_private_estate,pe:oxshott-way-estate:oxshott-way:whole,surrey-private-estates-2026-07-22-corrected-6,verified,ready,2385000,2009-12-23,elmbridge-prime,A
lr-dcf44e9f48c44b33d63c,property:DEERS HILL SUTTON LANE ABINGER HAMMER DORKING RH5 6PS|RH56PS,"DEERS HILL, SUTTON LANE, ABINGER HAMMER, DORKING, RH5 6PS",DEERS HILL,,SUTTON LANE,ABINGER HAMMER,DORKING,RH5 6PS,Mole Valley,Detached,,,,,,surrey-private-estates-2026-07-22-corrected-6,,,2950000,2009-12-17,mole-valley,A
lr-1d6c3c19f72a6b00a518,property:MOONFLEET FAIROAK LANE OXSHOTT LEATHERHEAD KT22 0TW|KT220TW,"MOONFLEET, FAIROAK LANE, OXSHOTT, LEATHERHEAD, KT22 0TW",MOONFLEET,,FAIROAK LANE,OXSHOTT,LEATHERHEAD,KT22 0TW,Elmbridge,Detached,,,,,,surrey-private-estates-2026-07-22-corrected-6,,,2360000,2009-12-17,elmbridge-prime,A
lr-b859e2228a8c52678f9d,property:PINEHURST FIRWOOD ROAD VIRGINIA WATER GU25 4NG|GU254NG,"PINEHURST, FIRWOOD ROAD, VIRGINIA WATER, GU25 4NG",PINEHURST,,FIRWOOD ROAD,,VIRGINIA WATER,GU25 4NG,Runnymede,Detached,wentworth-estate,Wentworth Estate,A,traditional_private_estate,pe:wentworth-estate:firwood-road:whole,surrey-private-estates-2026-07-22-corrected-6,verified,partial_ready,2875000,2009-12-11,runnymede-wentworth,A
lr-c4a3f482917a9249bcba,property:CASA SARA HEATHERSIDE DRIVE VIRGINIA WATER GU25 4JU|GU254JU,"CASA SARA, HEATHERSIDE DRIVE, VIRGINIA WATER, GU25 4JU",CASA SARA,,HEATHERSIDE DRIVE,,VIRGINIA WATER,GU25 4JU,Runnymede,Detached,wentworth-estate,Wentworth Estate,A,traditional_private_estate,pe:wentworth-estate:heatherside-drive:whole,surrey-private-estates-2026-07-22-corrected-6,verified,partial_ready,13800000,2009-12-09,runnymede-wentworth,A
lr-2d79d138f1321f0f6fb6,property:OUT OF TOWN SPRINGFIELD ROAD CAMBERLEY GU15 1AE|GU151AE,"OUT OF TOWN, SPRINGFIELD ROAD, CAMBERLEY, GU15 1AE",OUT OF TOWN,,SPRINGFIELD ROAD,,CAMBERLEY,GU15 1AE,Surrey Heath,Detached,,,,,,surrey-private-estates-2026-07-22-corrected-6,,,2227800,2009-12-09,surrey-heath,A
lr-ba38805ac885b7f4aa1e,property:MEDOMSLEY CAMP END ROAD WEYBRIDGE KT13 0NU|KT130NU,"MEDOMSLEY, CAMP END ROAD, WEYBRIDGE, KT13 0NU",MEDOMSLEY,,CAMP END ROAD,,WEYBRIDGE,KT13 0NU,Elmbridge,Detached,st-georges-hill,St George's Hill,A,traditional_private_estate,pe:st-georges-hill:camp-end-road:whole,surrey-private-estates-2026-07-22-corrected-6,verified,partial_ready,2570000,2009-12-08,elmbridge-prime,A
lr-d9b69f26f8c4200aa614,property:BLENHEIM HOUSE 19 SANDOWN ROAD ESHER KT10 9TT|KT109TT,"BLENHEIM HOUSE, 19, SANDOWN ROAD, ESHER, KT10 9TT","BLENHEIM HOUSE, 19",,SANDOWN ROAD,,ESHER,KT10 9TT,Elmbridge,Detached,,,,,,surrey-private-estates-2026-07-22-corrected-6,,,2450000,2009-12-08,elmbridge-prime,A
lr-cbc7dd622de29fb05949,property:CHINTHURST GRANGE CHINTHURST LANE WONERSH GUILDFORD GU5 0QH|GU50QH,"CHINTHURST GRANGE, CHINTHURST LANE, WONERSH, GUILDFORD, GU5 0QH",CHINTHURST GRANGE,,CHINTHURST LANE,WONERSH,GUILDFORD,GU5 0QH,Guildford,Detached,,,,,,surrey-private-estates-2026-07-22-corrected-6,,,8700000,2009-11-27,guildford-district,A
lr-a2ea30a8bced4d5bd428,property:GREEN OAK 4A EATON PARK COBHAM KT11 2JE|KT112JE,"GREEN OAK, 4A, EATON PARK, COBHAM, KT11 2JE","GREEN OAK, 4A",,EATON PARK,,COBHAM,KT11 2JE,Elmbridge,Detached,eaton-park,Eaton Park,A,traditional_private_estate,pe:eaton-park:eaton-park:whole,surrey-private-estates-2026-07-22-corrected-6,verified,ready,2750000,2009-11-20,elmbridge-prime,A
lr-aa04a3939aa7d75bfcef,property:COMBE RISE MUNSTEAD HEATH ROAD GODALMING GU8 4AR|GU84AR,"COMBE RISE, MUNSTEAD HEATH ROAD, GODALMING, GU8 4AR",COMBE RISE,,MUNSTEAD HEATH ROAD,,GODALMING,GU8 4AR,Waverley,Detached,,,,,,surrey-private-estates-2026-07-22-corrected-6,,,4505000,2009-11-17,waverley-south-surrey,A
lr-6dc46ea6137404caee17,property:25A BROADWATER CLOSE HERSHAM WALTON ON THAMES KT12 5DD|KT125DD,"25A, BROADWATER CLOSE, HERSHAM, WALTON-ON-THAMES, KT12 5DD",25A,,BROADWATER CLOSE,HERSHAM,WALTON-ON-THAMES,KT12 5DD,Elmbridge,Detached,burwood-park,Burwood Park,A,traditional_private_estate,pe:burwood-park:broadwater-close:whole,surrey-private-estates-2026-07-22-corrected-6,verified,ready,3100000,2009-11-16,elmbridge-prime,A
lr-ee1a5f68f9a0dd5742b2,property:LEA GATE HOUSE BROOKWELL LANE BRAMLEY GUILDFORD GU5 0LQ|GU50LQ,"LEA GATE HOUSE, BROOKWELL LANE, BRAMLEY, GUILDFORD, GU5 0LQ",LEA GATE HOUSE,,BROOKWELL LANE,BRAMLEY,GUILDFORD,GU5 0LQ,Waverley,Detached,,,,,,surrey-private-estates-2026-07-22-corrected-6,,,2950000,2009-11-13,waverley-south-surrey,A
lr-e28c5d0651e1279127ee,property:33 MEADWAY ESHER KT10 9HG|KT109HG,"33, MEADWAY, ESHER, KT10 9HG",33,,MEADWAY,,ESHER,KT10 9HG,Elmbridge,Detached,,,,,,surrey-private-estates-2026-07-22-corrected-6,,,4175000,2009-11-12,elmbridge-prime,A
lr-773b8290910f5496c458,property:HILLVIEW YAFFLE ROAD WEYBRIDGE KT13 0QF|KT130QF,"HILLVIEW, YAFFLE ROAD, WEYBRIDGE, KT13 0QF",HILLVIEW,,YAFFLE ROAD,,WEYBRIDGE,KT13 0QF,Elmbridge,Detached,st-georges-hill,St George's Hill,A,traditional_private_estate,pe:st-georges-hill:yaffle-road:whole,surrey-private-estates-2026-07-22-corrected-6,verified,partial_ready,7600000,2009-11-06,elmbridge-prime,A
lr-407ad0d8c38b672f2227,property:RAVENSCROFT HEATHER CLOSE KINGSWOOD TADWORTH KT20 6NY|KT206NY,"RAVENSCROFT, HEATHER CLOSE, KINGSWOOD, TADWORTH, KT20 6NY",RAVENSCROFT,,HEATHER CLOSE,KINGSWOOD,TADWORTH,KT20 6NY,Reigate and Banstead,Detached,,,,,,surrey-private-estates-2026-07-22-corrected-6,,,2250000,2009-11-06,reigate-banstead,A
lr-8f9a95546925a7f98784,property:MARCHWOOD HOUSE GUILDFORD ROAD FETCHAM LEATHERHEAD KT22 9DS|KT229DS,"MARCHWOOD HOUSE, GUILDFORD ROAD, FETCHAM, LEATHERHEAD, KT22 9DS",MARCHWOOD HOUSE,,GUILDFORD ROAD,FETCHAM,LEATHERHEAD,KT22 9DS,Mole Valley,Detached,,,,,,surrey-private-estates-2026-07-22-corrected-6,,,2475000,2009-11-05,mole-valley,A
lr-0374cf3c0879c7c6ab57,property:WOODWAY FAIRMILE PARK ROAD COBHAM KT11 2PG|KT112PG,"WOODWAY, FAIRMILE PARK ROAD, COBHAM, KT11 2PG",WOODWAY,,FAIRMILE PARK ROAD,,COBHAM,KT11 2PG,Elmbridge,Detached,,,,,,surrey-private-estates-2026-07-22-corrected-6,,,2250000,2009-10-29,elmbridge-prime,A
lr-da0d5930f963d29dc5a6,property:MALVERN HOUSE 19 EATON PARK ROAD COBHAM KT11 2JJ|KT112JJ,"MALVERN HOUSE, 19, EATON PARK ROAD, COBHAM, KT11 2JJ","MALVERN HOUSE, 19",,EATON PARK ROAD,,COBHAM,KT11 2JJ,Elmbridge,Detached,eaton-park,Eaton Park,A,traditional_private_estate,pe:eaton-park:eaton-park-road:whole,surrey-private-estates-2026-07-22-corrected-6,verified,ready,2135333,2009-10-29,elmbridge-prime,A
lr-1d36751b5775fb62a1da,property:12 ESHER PLACE AVENUE ESHER KT10 8PY|KT108PY,"12, ESHER PLACE AVENUE, ESHER, KT10 8PY",12,,ESHER PLACE AVENUE,,ESHER,KT10 8PY,Elmbridge,Detached,,,,,,surrey-private-estates-2026-07-22-corrected-6,,,2322000,2009-10-28,elmbridge-prime,A
lr-b580b96bc43db77227f0,property:DANUM HOUSE THE FAIRWAY WORPLESDON GUILDFORD GU3 3QE|GU33QE,"DANUM HOUSE, THE FAIRWAY, WORPLESDON, GUILDFORD, GU3 3QE",DANUM HOUSE,,THE FAIRWAY,WORPLESDON,GUILDFORD,GU3 3QE,Woking,Detached,,,,,,surrey-private-estates-2026-07-22-corrected-6,,,2200000,2009-10-28,woking-district,A
lr-743d723349cbedd2a4c0,property:GARDENERS COTTAGE CUTT MILL HOUSE SUFFIELD LANE PUTTENHAM GUILDFORD GU3 1BG|GU31BG,"GARDENERS COTTAGE, CUTT MILL HOUSE, SUFFIELD LANE, PUTTENHAM, GUILDFORD, GU3 1BG",CUTT MILL HOUSE,GARDENERS COTTAGE,SUFFIELD LANE,PUTTENHAM,GUILDFORD,GU3 1BG,Guildford,Detached,,,,,,surrey-private-estates-2026-07-22-corrected-6,,,2980000,2009-10-27,guildford-district,A
lr-45da2a6fd60648073f09,property:1 ROSEBRIARS ESHER KT10 9NN|KT109NN,"1, ROSEBRIARS, ESHER, KT10 9NN",1,,ROSEBRIARS,,ESHER,KT10 9NN,Elmbridge,Detached,,,,,,surrey-private-estates-2026-07-22-corrected-6,,,2600000,2009-10-26,elmbridge-prime,A
lr-4a832dc6e562a1238e94,property:CONNAUGHT HOUSE CHRISTCHURCH ROAD VIRGINIA WATER GU25 4RW|GU254RW,"CONNAUGHT HOUSE, CHRISTCHURCH ROAD, VIRGINIA WATER, GU25 4RW",CONNAUGHT HOUSE,,CHRISTCHURCH ROAD,,VIRGINIA WATER,GU25 4RW,Runnymede,Detached,,,,,,surrey-private-estates-2026-07-22-corrected-6,,,5250000,2009-10-23,runnymede-wentworth,A
lr-697c82d04276eaeef68a,property:BELGRAVE HOUSE 37 PRINCES DRIVE OXSHOTT LEATHERHEAD KT22 0UL|KT220UL,"BELGRAVE HOUSE, 37, PRINCES DRIVE, OXSHOTT, LEATHERHEAD, KT22 0UL","BELGRAVE HOUSE, 37",,PRINCES DRIVE,OXSHOTT,LEATHERHEAD,KT22 0UL,Elmbridge,Detached,crown-estate-oxshott,"Crown Estate, Oxshott",A,traditional_private_estate,pe:crown-estate-oxshott:prince-s-drive:whole,surrey-private-estates-2026-07-22-corrected-6,verified_multi_source,partial_ready,2005000,2009-10-23,elmbridge-prime,A
lr-98d37de032d6defa83c5,property:LITTLE COURT WELLINGTON AVENUE VIRGINIA WATER GU25 4QN|GU254QN,"LITTLE COURT, WELLINGTON AVENUE, VIRGINIA WATER, GU25 4QN",LITTLE COURT,,WELLINGTON AVENUE,,VIRGINIA WATER,GU25 4QN,Runnymede,Detached,,,,,,surrey-private-estates-2026-07-22-corrected-6,,,2050000,2009-10-22,runnymede-wentworth,A
lr-86637890807d5a69385c,property:GROVE HOUSE BAGSHOT ROAD WEST END WOKING GU24 9QS|GU249QS,"GROVE HOUSE, BAGSHOT ROAD, WEST END, WOKING, GU24 9QS",GROVE HOUSE,,BAGSHOT ROAD,WEST END,WOKING,GU24 9QS,Surrey Heath,Detached,,,,,,surrey-private-estates-2026-07-22-corrected-6,,,2425000,2009-10-19,surrey-heath,A
lr-7e1380ff87c22b57cf67,property:RIDGEWAY HOUSE RUNWICK FARNHAM GU10 5EE|GU105EE,"RIDGEWAY HOUSE, RUNWICK, FARNHAM, GU10 5EE",RIDGEWAY HOUSE,,,RUNWICK,FARNHAM,GU10 5EE,Waverley,Detached,,,,,,surrey-private-estates-2026-07-22-corrected-6,,,3550000,2009-10-15,waverley-south-surrey,A
lr-aabb8f8a230c0f4cf9d5,property:ORNSAY WOODLANDS ROAD WEST VIRGINIA WATER GU25 4PN|GU254PN,"ORNSAY, WOODLANDS ROAD WEST, VIRGINIA WATER, GU25 4PN",ORNSAY,,WOODLANDS ROAD WEST,,VIRGINIA WATER,GU25 4PN,Runnymede,Detached,wentworth-estate,Wentworth Estate,A,traditional_private_estate,pe:wentworth-estate:woodlands-road-west:whole,surrey-private-estates-2026-07-22-corrected-6,verified,partial_ready,3000000,2009-10-14,runnymede-wentworth,A
lr-3b76fc0de354bcd52ded,property:BROAD HOUSE 6 BROAD HIGH WAY COBHAM KT11 2RP|KT112RP,"BROAD HOUSE, 6, BROAD HIGH WAY, COBHAM, KT11 2RP","BROAD HOUSE, 6",,BROAD HIGH WAY,,COBHAM,KT11 2RP,Elmbridge,Detached,oxshott-way-estate,Oxshott Way Estate,A,traditional_private_estate,pe:oxshott-way-estate:broad-highway:whole,surrey-private-estates-2026-07-22-corrected-6,verified,ready,3300000,2009-10-09,elmbridge-prime,A
lr-cb5e8a85e44e03499717,property:CLIFDEN STOKESHEATH ROAD OXSHOTT LEATHERHEAD KT22 0PN|KT220PN,"CLIFDEN, STOKESHEATH ROAD, OXSHOTT, LEATHERHEAD, KT22 0PN",CLIFDEN,,STOKESHEATH ROAD,OXSHOTT,LEATHERHEAD,KT22 0PN,Elmbridge,Detached,crown-estate-oxshott,"Crown Estate, Oxshott",A,traditional_private_estate,pe:crown-estate-oxshott:stokesheath-road:whole,surrey-private-estates-2026-07-22-corrected-6,verified_multi_source,partial_ready,2900000,2009-10-02,elmbridge-prime,A
lr-12dab1d46664b0fe0af0,property:LAKE HOUSE LAKE ROAD VIRGINIA WATER GU25 4QW|GU254QW,"LAKE HOUSE, LAKE ROAD, VIRGINIA WATER, GU25 4QW",LAKE HOUSE,,LAKE ROAD,,VIRGINIA WATER,GU25 4QW,Runnymede,Detached,wentworth-estate,Wentworth Estate,A,traditional_private_estate,pe:wentworth-estate:lake-road:whole,surrey-private-estates-2026-07-22-corrected-6,verified,partial_ready,4500000,2009-10-01,runnymede-wentworth,A
lr-d4e7aad51f432fe4f41e,property:CHASE GROVE THE CHASE KINGSWOOD TADWORTH KT20 6HZ|KT206HZ,"CHASE GROVE, THE CHASE, KINGSWOOD, TADWORTH, KT20 6HZ",CHASE GROVE,,THE CHASE,KINGSWOOD,TADWORTH,KT20 6HZ,Reigate and Banstead,Detached,,,,,,surrey-private-estates-2026-07-22-corrected-6,,,2100000,2009-09-25,reigate-banstead,A
lr-30aa9452a192ad746bdf,property:10 THE DRIVE COBHAM KT11 2JQ|KT112JQ,"10, THE DRIVE, COBHAM, KT11 2JQ",10,,THE DRIVE,,COBHAM,KT11 2JQ,Elmbridge,Detached,eaton-park,Eaton Park,A,traditional_private_estate,pe:eaton-park:the-drive:whole,surrey-private-estates-2026-07-22-corrected-6,verified,ready,2700000,2009-09-11,elmbridge-prime,A
lr-dd185c387b6c29bd97a8,property:17 SANDOWN ROAD ESHER KT10 9TT|KT109TT,"17, SANDOWN ROAD, ESHER, KT10 9TT",17,,SANDOWN ROAD,,ESHER,KT10 9TT,Elmbridge,Detached,,,,,,surrey-private-estates-2026-07-22-corrected-6,,,2150000,2009-09-10,elmbridge-prime,A
lr-1c75acf2cfd239aa3d00,property:HOE HOUSE FRANKSFIELD PEASLAKE GUILDFORD GU5 9SR|GU59SR,"HOE HOUSE, FRANKSFIELD, PEASLAKE, GUILDFORD, GU5 9SR",HOE HOUSE,,FRANKSFIELD,PEASLAKE,GUILDFORD,GU5 9SR,Guildford,Detached,,,,,,surrey-private-estates-2026-07-22-corrected-6,,,4750000,2009-09-03,guildford-district,A
lr-7884a75efca8be8e5e8e,property:LITTLE ORCHARD MILES LANE COBHAM KT11 2EE|KT112EE,"LITTLE ORCHARD, MILES LANE, COBHAM, KT11 2EE",LITTLE ORCHARD,,MILES LANE,,COBHAM,KT11 2EE,Elmbridge,Detached,,,,,,surrey-private-estates-2026-07-22-corrected-6,,,2330000,2009-08-28,elmbridge-prime,A
lr-1af7111af910f151f82e,property:RUSPER WOODLAND WAY KINGSWOOD TADWORTH KT20 6NU|KT206NU,"RUSPER, WOODLAND WAY, KINGSWOOD, TADWORTH, KT20 6NU",RUSPER,,WOODLAND WAY,KINGSWOOD,TADWORTH,KT20 6NU,Reigate and Banstead,Detached,,,,,,surrey-private-estates-2026-07-22-corrected-6,,,2100000,2009-08-28,reigate-banstead,A
lr-dc76a50843c09abdba76,property:ORCHARD HOUSE 3 MORELLA CLOSE VIRGINIA WATER GU25 4AT|GU254AT,"ORCHARD HOUSE, 3, MORELLA CLOSE, VIRGINIA WATER, GU25 4AT","ORCHARD HOUSE, 3",,MORELLA CLOSE,,VIRGINIA WATER,GU25 4AT,Runnymede,Detached,wentworth-estate,Wentworth Estate,A,traditional_private_estate,pe:wentworth-estate:morella-close:whole,surrey-private-estates-2026-07-22-corrected-6,verified_title_restrictions,partial_ready,2025000,2009-08-28,runnymede-wentworth,A
lr-8c30f3fa4f11d4e4f51f,property:HIGHFIELD HOUSE MUNSTEAD VIEW ROAD BRAMLEY GUILDFORD GU5 0DA|GU50DA,"HIGHFIELD HOUSE, MUNSTEAD VIEW ROAD, BRAMLEY, GUILDFORD, GU5 0DA",HIGHFIELD HOUSE,,MUNSTEAD VIEW ROAD,BRAMLEY,GUILDFORD,GU5 0DA,Waverley,Detached,,,,,,surrey-private-estates-2026-07-22-corrected-6,,,2150000,2009-08-26,waverley-south-surrey,A
lr-476afbc80f55c249de90,property:6A EATON PARK COBHAM KT11 2JE|KT112JE,"6A, EATON PARK, COBHAM, KT11 2JE",6A,,EATON PARK,,COBHAM,KT11 2JE,Elmbridge,Detached,eaton-park,Eaton Park,A,traditional_private_estate,pe:eaton-park:eaton-park:whole,surrey-private-estates-2026-07-22-corrected-6,verified,ready,3100000,2009-08-19,elmbridge-prime,A
lr-d3f4d276f7e33eefedac,property:FOXBURY HOUSE HASCOMBE ROAD GODALMING GU8 4AE|GU84AE,"FOXBURY HOUSE, HASCOMBE ROAD, GODALMING, GU8 4AE",FOXBURY HOUSE,,HASCOMBE ROAD,,GODALMING,GU8 4AE,Waverley,Detached,,,,,,surrey-private-estates-2026-07-22-corrected-6,,,2500000,2009-08-07,waverley-south-surrey,A
lr-88e8ece9b6451e87e7b5,property:MUNSTEAD OAKS HASCOMBE ROAD GODALMING GU8 4AB|GU84AB,"MUNSTEAD OAKS, HASCOMBE ROAD, GODALMING, GU8 4AB",MUNSTEAD OAKS,,HASCOMBE ROAD,,GODALMING,GU8 4AB,Waverley,Detached,,,,,,surrey-private-estates-2026-07-22-corrected-6,,,2300000,2009-08-07,waverley-south-surrey,A
lr-c527a62664bc91f1c29b,property:JADICA CAMP END ROAD WEYBRIDGE KT13 0NW|KT130NW,"JADICA, CAMP END ROAD, WEYBRIDGE, KT13 0NW",JADICA,,CAMP END ROAD,,WEYBRIDGE,KT13 0NW,Elmbridge,Detached,st-georges-hill,St George's Hill,A,traditional_private_estate,pe:st-georges-hill:camp-end-road:whole,surrey-private-estates-2026-07-22-corrected-6,verified,partial_ready,3000000,2009-08-04,elmbridge-prime,A
lr-18063143fe05ff2ce1de,property:9 SANDOWN ROAD ESHER KT10 9TT|KT109TT,"9, SANDOWN ROAD, ESHER, KT10 9TT",9,,SANDOWN ROAD,,ESHER,KT10 9TT,Elmbridge,Detached,,,,,,surrey-private-estates-2026-07-22-corrected-6,,,2425000,2009-08-03,elmbridge-prime,A
lr-a76cf724fe6b00b92d71,property:5 FERNHILL OXSHOTT LEATHERHEAD KT22 0JH|KT220JH,"5, FERNHILL, OXSHOTT, LEATHERHEAD, KT22 0JH",5,,FERNHILL,OXSHOTT,LEATHERHEAD,KT22 0JH,Elmbridge,Detached,,,,,,surrey-private-estates-2026-07-22-corrected-6,,,2250000,2009-08-03,elmbridge-prime,A
lr-e5ac7b1bcaf10bcbd0a8,property:YORK HOUSE 12 BLACKHILLS ESHER KT10 9JW|KT109JW,"YORK HOUSE, 12, BLACKHILLS, ESHER, KT10 9JW","YORK HOUSE, 12",,BLACKHILLS,,ESHER,KT10 9JW,Elmbridge,Detached,,,,,,surrey-private-estates-2026-07-22-corrected-6,,,3600000,2009-07-31,elmbridge-prime,A
lr-fd67864276194e7f2dcb,property:WARWICK HEIGHTS WARWICKS BENCH LANE GUILDFORD GU1 3TP|GU13TP,"WARWICK HEIGHTS, WARWICKS BENCH LANE, GUILDFORD, GU1 3TP",WARWICK HEIGHTS,,WARWICKS BENCH LANE,,GUILDFORD,GU1 3TP,Guildford,Detached,,,,,,surrey-private-estates-2026-07-22-corrected-6,,,3000000,2009-07-31,guildford-district,A
lr-ffc531251a3e04360ffe,property:135 SILVERDALE AVENUE WALTON ON THAMES KT12 1EJ|KT121EJ,"135, SILVERDALE AVENUE, WALTON-ON-THAMES, KT12 1EJ",135,,SILVERDALE AVENUE,,WALTON-ON-THAMES,KT12 1EJ,Elmbridge,Detached,,,,,,surrey-private-estates-2026-07-22-corrected-6,,,3000000,2009-07-31,elmbridge-prime,A
lr-9ff3840838c4eb8bcc09,property:GROVE HOUSE 5 MONTROSE GARDENS OXSHOTT LEATHERHEAD KT22 0UU|KT220UU,"GROVE HOUSE, 5, MONTROSE GARDENS, OXSHOTT, LEATHERHEAD, KT22 0UU","GROVE HOUSE, 5",,MONTROSE GARDENS,OXSHOTT,LEATHERHEAD,KT22 0UU,Elmbridge,Detached,crown-estate-oxshott,"Crown Estate, Oxshott",A,traditional_private_estate,pe:crown-estate-oxshott:montrose-gardens:whole,surrey-private-estates-2026-07-22-corrected-6,verified_multi_source,partial_ready,2500000,2009-07-30,elmbridge-prime,A
lr-95b43a3ce1edc9440f86,property:THE OLD RECTORY SHACKLEFORD ROAD SHACKLEFORD GODALMING GU8 6AE|GU86AE,"THE OLD RECTORY, SHACKLEFORD ROAD, SHACKLEFORD, GODALMING, GU8 6AE",THE OLD RECTORY,,SHACKLEFORD ROAD,SHACKLEFORD,GODALMING,GU8 6AE,Guildford,Detached,,,,,,surrey-private-estates-2026-07-22-corrected-6,,,2225000,2009-07-23,guildford-district,A
lr-52cd88f343d01f34af83,property:APPLE ACRE PYLE HILL WOKING GU22 0SR|GU220SR,"APPLE ACRE, PYLE HILL, WOKING, GU22 0SR",APPLE ACRE,,PYLE HILL,,WOKING,GU22 0SR,Woking,Detached,,,,,,surrey-private-estates-2026-07-22-corrected-6,,,2000000,2009-07-17,woking-district,A
lr-70c1b0099a54c94781d3,property:HOME FARM HOUSE THE STREET SHACKLEFORD GODALMING GU8 6AH|GU86AH,"HOME FARM HOUSE, THE STREET, SHACKLEFORD, GODALMING, GU8 6AH",HOME FARM HOUSE,,THE STREET,SHACKLEFORD,GODALMING,GU8 6AH,Guildford,Detached,,,,,,surrey-private-estates-2026-07-22-corrected-6,,,2057000,2009-07-15,guildford-district,A
lr-829cf2be07dd185a0660,property:MORNINGSIDE 6 CLAREMONT PARK ROAD ESHER KT10 9LT|KT109LT,"MORNINGSIDE, 6, CLAREMONT PARK ROAD, ESHER, KT10 9LT","MORNINGSIDE, 6",,CLAREMONT PARK ROAD,,ESHER,KT10 9LT,Elmbridge,Detached,,,,,,surrey-private-estates-2026-07-22-corrected-6,,,3700000,2009-07-10,elmbridge-prime,A
lr-2152401474a10aae0f6b,property:17 BADGERS HILL VIRGINIA WATER GU25 4SA|GU254SA,"17, BADGERS HILL, VIRGINIA WATER, GU25 4SA",17,,BADGERS HILL,,VIRGINIA WATER,GU25 4SA,Runnymede,Detached,wentworth-estate,Wentworth Estate,A,traditional_private_estate,pe:wentworth-estate:badgers-hill:whole,surrey-private-estates-2026-07-22-corrected-6,verified,partial_ready,3150000,2009-07-08,runnymede-wentworth,A
lr-da87b42e95811037b2bc,property:HIGHFIELD WOODLANDS ROAD EAST VIRGINIA WATER GU25 4PH|GU254PH,"HIGHFIELD, WOODLANDS ROAD EAST, VIRGINIA WATER, GU25 4PH",HIGHFIELD,,WOODLANDS ROAD EAST,,VIRGINIA WATER,GU25 4PH,Runnymede,Detached,wentworth-estate,Wentworth Estate,A,traditional_private_estate,pe:wentworth-estate:woodlands-road-east:whole,surrey-private-estates-2026-07-22-corrected-6,verified,partial_ready,6000000,2009-07-03,runnymede-wentworth,A
lr-17cd025f5148bb224ef1,property:HOLMWOOD PARK VIEW ROAD WOLDINGHAM CATERHAM CR3 7DN|CR37DN,"HOLMWOOD, PARK VIEW ROAD, WOLDINGHAM, CATERHAM, CR3 7DN",HOLMWOOD,,PARK VIEW ROAD,WOLDINGHAM,CATERHAM,CR3 7DN,Tandridge,Detached,,,,,,surrey-private-estates-2026-07-22-corrected-6,,,2575000,2009-07-03,tandridge-oxted,A
lr-80d6c521e04767bd8abc,property:25 EATON PARK COBHAM KT11 2JF|KT112JF,"25, EATON PARK, COBHAM, KT11 2JF",25,,EATON PARK,,COBHAM,KT11 2JF,Elmbridge,Detached,eaton-park,Eaton Park,A,traditional_private_estate,pe:eaton-park:eaton-park:whole,surrey-private-estates-2026-07-22-corrected-6,verified,ready,2450000,2009-07-02,elmbridge-prime,A
lr-43a0b41950c1c7c3dcc8,property:FOUR WINDS THE RIDGE EPSOM KT18 7ET|KT187ET,"FOUR WINDS, THE RIDGE, EPSOM, KT18 7ET",FOUR WINDS,,THE RIDGE,,EPSOM,KT18 7ET,Epsom and Ewell,Detached,,,,,,surrey-private-estates-2026-07-22-corrected-6,,,2725000,2009-06-30,epsom-ewell,A
lr-42a99c4c3ccebc46ca1b,property:28 WATER LANE COBHAM KT11 2PB|KT112PB,"28, WATER LANE, COBHAM, KT11 2PB",28,,WATER LANE,,COBHAM,KT11 2PB,Elmbridge,Detached,,,,,,surrey-private-estates-2026-07-22-corrected-6,,,2400000,2009-06-26,elmbridge-prime,A
lr-574d3592b56a767c4740,property:93 FAIRMILE LANE COBHAM KT11 2DD|KT112DD,"93, FAIRMILE LANE, COBHAM, KT11 2DD",93,,FAIRMILE LANE,,COBHAM,KT11 2DD,Elmbridge,Detached,,,,,,surrey-private-estates-2026-07-22-corrected-6,,,3125000,2009-06-22,elmbridge-prime,A
lr-8dcc06dcad61a61c5c6e,property:29 WATER LANE COBHAM KT11 2PA|KT112PA,"29, WATER LANE, COBHAM, KT11 2PA",29,,WATER LANE,,COBHAM,KT11 2PA,Elmbridge,Detached,,,,,,surrey-private-estates-2026-07-22-corrected-6,,,2350000,2009-06-19,elmbridge-prime,A
lr-a1fb253e12cc0f3881a3,property:2 PRINCES DRIVE OXSHOTT LEATHERHEAD KT22 0UF|KT220UF,"2, PRINCES DRIVE, OXSHOTT, LEATHERHEAD, KT22 0UF",2,,PRINCES DRIVE,OXSHOTT,LEATHERHEAD,KT22 0UF,Elmbridge,Detached,crown-estate-oxshott,"Crown Estate, Oxshott",A,traditional_private_estate,pe:crown-estate-oxshott:prince-s-drive:whole,surrey-private-estates-2026-07-22-corrected-6,verified_multi_source,partial_ready,4922000,2009-06-16,elmbridge-prime,A
lr-3bd11db3ef30782a8141,property:9 POND CLOSE HERSHAM WALTON ON THAMES KT12 5DR|KT125DR,"9, POND CLOSE, HERSHAM, WALTON-ON-THAMES, KT12 5DR",9,,POND CLOSE,HERSHAM,WALTON-ON-THAMES,KT12 5DR,Elmbridge,Detached,burwood-park,Burwood Park,A,traditional_private_estate,pe:burwood-park:pond-close:whole,surrey-private-estates-2026-07-22-corrected-6,verified,ready,2050000,2009-06-16,elmbridge-prime,A
lr-d12802e98ac41608b04f,property:LITTLE GARTH WOODLANDS ROAD WEST VIRGINIA WATER GU25 4PL|GU254PL,"LITTLE GARTH, WOODLANDS ROAD WEST, VIRGINIA WATER, GU25 4PL",LITTLE GARTH,,WOODLANDS ROAD WEST,,VIRGINIA WATER,GU25 4PL,Runnymede,Detached,wentworth-estate,Wentworth Estate,A,traditional_private_estate,pe:wentworth-estate:woodlands-road-west:whole,surrey-private-estates-2026-07-22-corrected-6,verified,partial_ready,2400000,2009-06-12,runnymede-wentworth,A
lr-8c40faee0779ae59c4f8,property:SHEPLEY WOOD SHEPLEY DRIVE ASCOT SL5 0LH|SL50LH,"SHEPLEY WOOD, SHEPLEY DRIVE, ASCOT, SL5 0LH",SHEPLEY WOOD,,SHEPLEY DRIVE,,ASCOT,SL5 0LH,Runnymede,Detached,,,,,,surrey-private-estates-2026-07-22-corrected-6,,,4450000,2009-06-01,runnymede-wentworth,A
lr-7890c2912ca3f32845b1,property:WILTON HOUSE MOLES HILL OXSHOTT LEATHERHEAD KT22 0QB|KT220QB,"WILTON HOUSE, MOLES HILL, OXSHOTT, LEATHERHEAD, KT22 0QB",WILTON HOUSE,,MOLES HILL,OXSHOTT,LEATHERHEAD,KT22 0QB,Elmbridge,Detached,crown-estate-oxshott,"Crown Estate, Oxshott",A,traditional_private_estate,pe:crown-estate-oxshott:moles-hill:whole,surrey-private-estates-2026-07-22-corrected-6,verified_multi_source,partial_ready,3551000,2009-06-01,elmbridge-prime,A
lr-f0452db4f5452d2a5398,property:25 BROADWATER CLOSE HERSHAM WALTON ON THAMES KT12 5DD|KT125DD,"25, BROADWATER CLOSE, HERSHAM, WALTON-ON-THAMES, KT12 5DD",25,,BROADWATER CLOSE,HERSHAM,WALTON-ON-THAMES,KT12 5DD,Elmbridge,Detached,burwood-park,Burwood Park,A,traditional_private_estate,pe:burwood-park:broadwater-close:whole,surrey-private-estates-2026-07-22-corrected-6,verified,ready,2775000,2009-06-01,elmbridge-prime,A
lr-dfd7c1c87ea46733f2f1,property:PINE TREES EGMONT PARK ROAD WALTON ON THE HILL TADWORTH KT20 7QG|KT207QG,"PINE TREES, EGMONT PARK ROAD, WALTON ON THE HILL, TADWORTH, KT20 7QG",PINE TREES,,EGMONT PARK ROAD,WALTON ON THE HILL,TADWORTH,KT20 7QG,Reigate and Banstead,Detached,,,,,,surrey-private-estates-2026-07-22-corrected-6,,,2250000,2009-06-01,reigate-banstead,A
lr-addbd9aabffcf002cf66,property:BRAMPTON HOUSE 17 LEYS ROAD OXSHOTT LEATHERHEAD KT22 0QE|KT220QE,"BRAMPTON HOUSE, 17, LEYS ROAD, OXSHOTT, LEATHERHEAD, KT22 0QE","BRAMPTON HOUSE, 17",,LEYS ROAD,OXSHOTT,LEATHERHEAD,KT22 0QE,Elmbridge,Detached,crown-estate-oxshott,"Crown Estate, Oxshott",A,traditional_private_estate,pe:crown-estate-oxshott:leys-road:whole,surrey-private-estates-2026-07-22-corrected-6,verified_multi_source,partial_ready,5000000,2009-05-29,elmbridge-prime,A
lr-e799512baf7bd8591776,property:1 BROADWATER ROAD NORTH HERSHAM WALTON ON THAMES KT12 5DB|KT125DB,"1, BROADWATER ROAD NORTH, HERSHAM, WALTON-ON-THAMES, KT12 5DB",1,,BROADWATER ROAD NORTH,HERSHAM,WALTON-ON-THAMES,KT12 5DB,Elmbridge,Detached,burwood-park,Burwood Park,A,traditional_private_estate,pe:burwood-park:broadwater-road-north:whole,surrey-private-estates-2026-07-22-corrected-6,verified,ready,2000000,2009-05-29,elmbridge-prime,A
lr-96ac9814bdb4d7eb6cf1,property:GARDENERS COTTAGE ROMANY PORTNALL RISE VIRGINIA WATER GU25 4JZ|GU254JZ,"GARDENERS COTTAGE, ROMANY, PORTNALL RISE, VIRGINIA WATER, GU25 4JZ",ROMANY,GARDENERS COTTAGE,PORTNALL RISE,,VIRGINIA WATER,GU25 4JZ,Runnymede,Detached,wentworth-estate,Wentworth Estate,A,traditional_private_estate,pe:wentworth-estate:portnall-rise:whole,surrey-private-estates-2026-07-22-corrected-6,verified,partial_ready,4554000,2009-05-20,runnymede-wentworth,A
lr-614b6793bb6690608548,property:9 CHARGATE CLOSE HERSHAM WALTON ON THAMES KT12 5DW|KT125DW,"9, CHARGATE CLOSE, HERSHAM, WALTON-ON-THAMES, KT12 5DW",9,,CHARGATE CLOSE,HERSHAM,WALTON-ON-THAMES,KT12 5DW,Elmbridge,Detached,burwood-park,Burwood Park,A,traditional_private_estate,pe:burwood-park:chargate-close:whole,surrey-private-estates-2026-07-22-corrected-6,verified,ready,3800000,2009-05-18,elmbridge-prime,A
lr-6501dac092730d22940e,property:CEDARWOOD OLD AVENUE WEYBRIDGE KT13 0QE|KT130QE,"CEDARWOOD, OLD AVENUE, WEYBRIDGE, KT13 0QE",CEDARWOOD,,OLD AVENUE,,WEYBRIDGE,KT13 0QE,Elmbridge,Detached,,,,,,surrey-private-estates-2026-07-22-corrected-6,,,3800000,2009-05-08,elmbridge-prime,A
lr-0d89fb82552cf22beaa1,property:2 SPINNAKER CLOSE COBHAM KT11 2RA|KT112RA,"2, SPINNAKER CLOSE, COBHAM, KT11 2RA",2,,SPINNAKER CLOSE,,COBHAM,KT11 2RA,Elmbridge,Detached,oxshott-way-estate,Oxshott Way Estate,A,traditional_private_estate,pe:oxshott-way-estate:spinnaker-close:whole,surrey-private-estates-2026-07-22-corrected-6,verified,ready,2700000,2009-05-08,elmbridge-prime,A
lr-807c03be0a893777a4c1,property:7 FARMLEIGH GROVE HERSHAM WALTON ON THAMES KT12 5BU|KT125BU,"7, FARMLEIGH GROVE, HERSHAM, WALTON-ON-THAMES, KT12 5BU",7,,FARMLEIGH GROVE,HERSHAM,WALTON-ON-THAMES,KT12 5BU,Elmbridge,Detached,burwood-park,Burwood Park,A,traditional_private_estate,pe:burwood-park:farmleigh-grove:whole,surrey-private-estates-2026-07-22-corrected-6,verified,ready,2800000,2009-05-06,elmbridge-prime,A
lr-03558e61ec0a64ae887f,property:CASTLEWOOD HOUSE WICK LANE ENGLEFIELD GREEN EGHAM TW20 0HT|TW200HT,"CASTLEWOOD HOUSE, WICK LANE, ENGLEFIELD GREEN, EGHAM, TW20 0HT",CASTLEWOOD HOUSE,,WICK LANE,ENGLEFIELD GREEN,EGHAM,TW20 0HT,Runnymede,Detached,,,,,,surrey-private-estates-2026-07-22-corrected-6,,,3800000,2009-04-03,runnymede-wentworth,A
lr-f05475992083055e7bc1,property:COPPERINGS HOUSE 9 ABBEY ROAD VIRGINIA WATER GU25 4RS|GU254RS,"COPPERINGS HOUSE, 9, ABBEY ROAD, VIRGINIA WATER, GU25 4RS","COPPERINGS HOUSE, 9",,ABBEY ROAD,,VIRGINIA WATER,GU25 4RS,Runnymede,Detached,,,,,,surrey-private-estates-2026-07-22-corrected-6,,,2500000,2009-03-31,runnymede-wentworth,A
lr-d7471bb9d437accc98cf,property:3 FURZE FIELD OXSHOTT LEATHERHEAD KT22 0UR|KT220UR,"3, FURZE FIELD, OXSHOTT, LEATHERHEAD, KT22 0UR",3,,FURZE FIELD,OXSHOTT,LEATHERHEAD,KT22 0UR,Elmbridge,Detached,crown-estate-oxshott,"Crown Estate, Oxshott",A,traditional_private_estate,pe:crown-estate-oxshott:furze-field:whole,surrey-private-estates-2026-07-22-corrected-6,verified_multi_source,partial_ready,2675000,2009-03-27,elmbridge-prime,A
lr-7bcd1f6556b70158f689,property:7A WOODPECKER CLOSE COBHAM KT11 2NT|KT112NT,"7A, WOODPECKER CLOSE, COBHAM, KT11 2NT",7A,,WOODPECKER CLOSE,,COBHAM,KT11 2NT,Elmbridge,Detached,,,,,,surrey-private-estates-2026-07-22-corrected-6,,,2425000,2009-03-26,elmbridge-prime,A
lr-c4b2a827ef0d80d8509f,property:HONEY HANGER 17 EATON PARK COBHAM KT11 2JF|KT112JF,"HONEY HANGER, 17, EATON PARK, COBHAM, KT11 2JF","HONEY HANGER, 17",,EATON PARK,,COBHAM,KT11 2JF,Elmbridge,Detached,eaton-park,Eaton Park,A,traditional_private_estate,pe:eaton-park:eaton-park:whole,surrey-private-estates-2026-07-22-corrected-6,verified,ready,3500000,2009-03-18,elmbridge-prime,A
lr-3f17cd146abbdaddfa12,property:OAKWOOD ELMSTEAD ROAD WEST BYFLEET KT14 6JB|KT146JB,"OAKWOOD, ELMSTEAD ROAD, WEST BYFLEET, KT14 6JB",OAKWOOD,,ELMSTEAD ROAD,,WEST BYFLEET,KT14 6JB,Woking,Detached,,,,,,surrey-private-estates-2026-07-22-corrected-6,,,2233000,2009-03-12,woking-district,A
lr-3514f4a5957071b14b27,property:LYNWOOD HOUSE ERISWELL ROAD HERSHAM WALTON ON THAMES KT12 5DL|KT125DL,"LYNWOOD HOUSE, ERISWELL ROAD, HERSHAM, WALTON-ON-THAMES, KT12 5DL",LYNWOOD HOUSE,,ERISWELL ROAD,HERSHAM,WALTON-ON-THAMES,KT12 5DL,Elmbridge,Detached,burwood-park,Burwood Park,A,traditional_private_estate,pe:burwood-park:eriswell-road:whole,surrey-private-estates-2026-07-22-corrected-6,verified,ready,2500000,2009-03-10,elmbridge-prime,A
lr-faccd0eb777e5f493f1d,property:2 THE BOWSPRIT COBHAM KT11 2RQ|KT112RQ,"2, THE BOWSPRIT, COBHAM, KT11 2RQ",2,,THE BOWSPRIT,,COBHAM,KT11 2RQ,Elmbridge,Detached,oxshott-way-estate,Oxshott Way Estate,A,traditional_private_estate,pe:oxshott-way-estate:the-bowsprit:whole,surrey-private-estates-2026-07-22-corrected-6,verified,ready,2305000,2009-03-10,elmbridge-prime,A
lr-5361d180858ecb32539b,property:DANA SOUTH ROAD ST GEORGES HILL WEYBRIDGE KT13 0NA|KT130NA,"DANA, SOUTH ROAD, ST GEORGES HILL, WEYBRIDGE, KT13 0NA",DANA,,SOUTH ROAD,ST GEORGES HILL,WEYBRIDGE,KT13 0NA,Elmbridge,Detached,st-georges-hill,St George's Hill,A,traditional_private_estate,pe:st-georges-hill:south-road:whole,surrey-private-estates-2026-07-22-corrected-6,verified,partial_ready,2950000,2009-03-09,elmbridge-prime,A
lr-20fcdd4eb67ea40bc664,property:BRANDON HOUSE GORSE HILL LANE VIRGINIA WATER GU25 4AJ|GU254AJ,"BRANDON HOUSE, GORSE HILL LANE, VIRGINIA WATER, GU25 4AJ",BRANDON HOUSE,,GORSE HILL LANE,,VIRGINIA WATER,GU25 4AJ,Runnymede,Detached,,,,,,surrey-private-estates-2026-07-22-corrected-6,,,2225000,2009-02-27,runnymede-wentworth,A
lr-c257c510225be8affab0,property:8A EATON PARK COBHAM KT11 2JE|KT112JE,"8A, EATON PARK, COBHAM, KT11 2JE",8A,,EATON PARK,,COBHAM,KT11 2JE,Elmbridge,Detached,eaton-park,Eaton Park,A,traditional_private_estate,pe:eaton-park:eaton-park:whole,surrey-private-estates-2026-07-22-corrected-6,verified,ready,2300000,2009-02-16,elmbridge-prime,A
lr-5530ce0e065781ba15c1,property:10 PRINCES DRIVE OXSHOTT LEATHERHEAD KT22 0UP|KT220UP,"10, PRINCES DRIVE, OXSHOTT, LEATHERHEAD, KT22 0UP",10,,PRINCES DRIVE,OXSHOTT,LEATHERHEAD,KT22 0UP,Elmbridge,Detached,crown-estate-oxshott,"Crown Estate, Oxshott",A,traditional_private_estate,pe:crown-estate-oxshott:prince-s-drive:whole,surrey-private-estates-2026-07-22-corrected-6,verified_multi_source,partial_ready,2100000,2009-02-09,elmbridge-prime,A
lr-c3e42b71c54d595d296f,property:22 CLAREMONT DRIVE ESHER KT10 9LU|KT109LU,"22, CLAREMONT DRIVE, ESHER, KT10 9LU",22,,CLAREMONT DRIVE,,ESHER,KT10 9LU,Elmbridge,Detached,,,,,,surrey-private-estates-2026-07-22-corrected-6,,,2350000,2009-01-30,elmbridge-prime,A
lr-9c5bcaf54581efe04679,property:92 FAIRMILE LANE COBHAM KT11 2DA|KT112DA,"92, FAIRMILE LANE, COBHAM, KT11 2DA",92,,FAIRMILE LANE,,COBHAM,KT11 2DA,Elmbridge,Detached,,,,,,surrey-private-estates-2026-07-22-corrected-6,,,2050000,2009-01-30,elmbridge-prime,A
lr-817cbaa4bd93f9879e64,property:GRANTHAMS PETWORTH ROAD CHIDDINGFOLD GODALMING GU8 4UJ|GU84UJ,"GRANTHAMS, PETWORTH ROAD, CHIDDINGFOLD, GODALMING, GU8 4UJ",GRANTHAMS,,PETWORTH ROAD,CHIDDINGFOLD,GODALMING,GU8 4UJ,Waverley,Detached,,,,,,surrey-private-estates-2026-07-22-corrected-6,,,2311650,2009-01-28,waverley-south-surrey,A
lr-2d5b065994d5008f6d9f,property:39 PALACE ROAD EAST MOLESEY KT8 9DJ|KT89DJ,"39, PALACE ROAD, EAST MOLESEY, KT8 9DJ",39,,PALACE ROAD,,EAST MOLESEY,KT8 9DJ,Elmbridge,Detached,,,,,,surrey-private-estates-2026-07-22-corrected-6,,,2925000,2009-01-20,elmbridge-prime,A
lr-9d411b98fc8108d48d3b,property:12 SPICERS FIELD OXSHOTT LEATHERHEAD KT22 0UT|KT220UT,"12, SPICERS FIELD, OXSHOTT, LEATHERHEAD, KT22 0UT",12,,SPICERS FIELD,OXSHOTT,LEATHERHEAD,KT22 0UT,Elmbridge,Detached,crown-estate-oxshott,"Crown Estate, Oxshott",A,traditional_private_estate,pe:crown-estate-oxshott:spicers-field:whole,surrey-private-estates-2026-07-22-corrected-6,verified_multi_source,partial_ready,3365000,2009-01-19,elmbridge-prime,A
lr-a33480f3d9938cb365e0,property:33 BROADWATER CLOSE HERSHAM WALTON ON THAMES KT12 5DD|KT125DD,"33, BROADWATER CLOSE, HERSHAM, WALTON-ON-THAMES, KT12 5DD",33,,BROADWATER CLOSE,HERSHAM,WALTON-ON-THAMES,KT12 5DD,Elmbridge,Detached,burwood-park,Burwood Park,A,traditional_private_estate,pe:burwood-park:broadwater-close:whole,surrey-private-estates-2026-07-22-corrected-6,verified,ready,3000000,2009-01-14,elmbridge-prime,A
lr-a4468df320b97a1caa79,property:GLENHURST HOUSE KNOWL HILL WOKING GU22 7HL|GU227HL,"GLENHURST HOUSE, KNOWL HILL, WOKING, GU22 7HL",GLENHURST HOUSE,,KNOWL HILL,,WOKING,GU22 7HL,Woking,Detached,hockering-estate,Hockering Estate,A,traditional_private_estate,pe:hockering-estate:knowl-hill:whole,surrey-private-estates-2026-07-22-corrected-6,verified,ready,2100000,2008-12-22,woking-district,A
lr-e222ffb8b99240c3e902,property:SILVERWOOD QUEENS DRIVE OXSHOTT LEATHERHEAD KT22 0PB|KT220PB,"SILVERWOOD, QUEENS DRIVE, OXSHOTT, LEATHERHEAD, KT22 0PB",SILVERWOOD,,QUEENS DRIVE,OXSHOTT,LEATHERHEAD,KT22 0PB,Elmbridge,Detached,crown-estate-oxshott,"Crown Estate, Oxshott",A,traditional_private_estate,pe:crown-estate-oxshott:queens-drive:whole,surrey-private-estates-2026-07-22-corrected-6,verified_multi_source,partial_ready,3150000,2008-12-19,elmbridge-prime,A
lr-45effd1a374261b0cd93,property:MOLES END MOLES HILL OXSHOTT LEATHERHEAD KT22 0QB|KT220QB,"MOLES END, MOLES HILL, OXSHOTT, LEATHERHEAD, KT22 0QB",MOLES END,,MOLES HILL,OXSHOTT,LEATHERHEAD,KT22 0QB,Elmbridge,Detached,crown-estate-oxshott,"Crown Estate, Oxshott",A,traditional_private_estate,pe:crown-estate-oxshott:moles-hill:whole,surrey-private-estates-2026-07-22-corrected-6,verified_multi_source,partial_ready,2842000,2008-12-16,elmbridge-prime,A
lr-c88ca3bf192a3827cb83,property:WHITE ORCHID SPRING WOODS VIRGINIA WATER GU25 4PW|GU254PW,"WHITE ORCHID, SPRING WOODS, VIRGINIA WATER, GU25 4PW",WHITE ORCHID,,SPRING WOODS,,VIRGINIA WATER,GU25 4PW,Runnymede,Detached,wentworth-estate,Wentworth Estate,A,traditional_private_estate,pe:wentworth-estate:spring-woods:whole,surrey-private-estates-2026-07-22-corrected-6,verified,partial_ready,3700000,2008-12-12,runnymede-wentworth,A
lr-b2c18ab2585180c16d86,property:SANDHILLS OUTWOOD LANE BLETCHINGLEY REDHILL RH1 4LS|RH14LS,"SANDHILLS, OUTWOOD LANE, BLETCHINGLEY, REDHILL, RH1 4LS",SANDHILLS,,OUTWOOD LANE,BLETCHINGLEY,REDHILL,RH1 4LS,Tandridge,Detached,,,,,,surrey-private-estates-2026-07-22-corrected-6,,,3000000,2008-12-12,tandridge-oxted,A
lr-40330529983e4c537fde,property:SOMERSBURY MANOR SOMERSBURY LANE EWHURST CRANLEIGH GU6 7SR|GU67SR,"SOMERSBURY MANOR, SOMERSBURY LANE, EWHURST, CRANLEIGH, GU6 7SR",SOMERSBURY MANOR,,SOMERSBURY LANE,EWHURST,CRANLEIGH,GU6 7SR,Waverley,Detached,,,,,,surrey-private-estates-2026-07-22-corrected-6,,,3532500,2008-12-08,waverley-south-surrey,A
lr-f6eaf7dfa84184600efb,property:1 MONKS WELL FARNHAM GU10 1RH|GU101RH,"1, MONKS WELL, FARNHAM, GU10 1RH",1,,MONKS WELL,,FARNHAM,GU10 1RH,Waverley,Detached,,,,,,surrey-private-estates-2026-07-22-corrected-6,,,2075000,2008-11-28,waverley-south-surrey,A
lr-f4ada5f30bbede140767,property:140 IRETON AVENUE WALTON ON THAMES KT12 1EN|KT121EN,"140, IRETON AVENUE, WALTON-ON-THAMES, KT12 1EN",140,,IRETON AVENUE,,WALTON-ON-THAMES,KT12 1EN,Elmbridge,Detached,,,,,,surrey-private-estates-2026-07-22-corrected-6,,,2100000,2008-11-14,elmbridge-prime,A
lr-8b0b89b0e0aeff638863,property:HIGHTREES THE CHASE KINGSWOOD TADWORTH KT20 6JD|KT206JD,"HIGHTREES, THE CHASE, KINGSWOOD, TADWORTH, KT20 6JD",HIGHTREES,,THE CHASE,KINGSWOOD,TADWORTH,KT20 6JD,Reigate and Banstead,Detached,,,,,,surrey-private-estates-2026-07-22-corrected-6,,,3200000,2008-11-07,reigate-banstead,A
lr-119dcf846fc166c1cf41,property:7 VIRGINIA DRIVE VIRGINIA WATER GU25 4RX|GU254RX,"7, VIRGINIA DRIVE, VIRGINIA WATER, GU25 4RX",7,,VIRGINIA DRIVE,,VIRGINIA WATER,GU25 4RX,Runnymede,Detached,wentworth-estate,Wentworth Estate,A,traditional_private_estate,pe:wentworth-estate:virginia-drive:whole,surrey-private-estates-2026-07-22-corrected-6,verified,partial_ready,2175000,2008-11-04,runnymede-wentworth,A
lr-8aaef7020a3a27fe6d0d,property:27 BROOMFIELD RIDE OXSHOTT LEATHERHEAD KT22 0LP|KT220LP,"27, BROOMFIELD RIDE, OXSHOTT, LEATHERHEAD, KT22 0LP",27,,BROOMFIELD RIDE,OXSHOTT,LEATHERHEAD,KT22 0LP,Elmbridge,Detached,crown-estate-oxshott,"Crown Estate, Oxshott",A,traditional_private_estate,pe:crown-estate-oxshott:broomfield-ride:whole,surrey-private-estates-2026-07-22-corrected-6,verified_multi_source,partial_ready,4350000,2008-10-31,elmbridge-prime,A
lr-978ca8d05452d3dce242,property:WHITE TIMBERS STOKESHEATH ROAD OXSHOTT LEATHERHEAD KT22 0PS|KT220PS,"WHITE TIMBERS, STOKESHEATH ROAD, OXSHOTT, LEATHERHEAD, KT22 0PS",WHITE TIMBERS,,STOKESHEATH ROAD,OXSHOTT,LEATHERHEAD,KT22 0PS,Elmbridge,Detached,crown-estate-oxshott,"Crown Estate, Oxshott",A,traditional_private_estate,pe:crown-estate-oxshott:stokesheath-road:whole,surrey-private-estates-2026-07-22-corrected-6,verified_multi_source,partial_ready,2485000,2008-10-30,elmbridge-prime,A
lr-406ece9accb2d7814e17,property:5 EATON PARK ROAD COBHAM KT11 2JG|KT112JG,"5, EATON PARK ROAD, COBHAM, KT11 2JG",5,,EATON PARK ROAD,,COBHAM,KT11 2JG,Elmbridge,Detached,eaton-park,Eaton Park,A,traditional_private_estate,pe:eaton-park:eaton-park-road:whole,surrey-private-estates-2026-07-22-corrected-6,verified,ready,2400000,2008-10-30,elmbridge-prime,A
lr-6c4410ba47d0cb6a5237,property:BADGERS CROSSING WESTWOOD ROAD WINDLESHAM GU20 6LP|GU206LP,"BADGERS CROSSING, WESTWOOD ROAD, WINDLESHAM, GU20 6LP",BADGERS CROSSING,,WESTWOOD ROAD,,WINDLESHAM,GU20 6LP,Surrey Heath,Detached,,,,,,surrey-private-estates-2026-07-22-corrected-6,,,2050000,2008-10-30,surrey-heath,A
lr-2fe60f699c57ad058566,property:30 MEADWAY ESHER KT10 9HF|KT109HF,"30, MEADWAY, ESHER, KT10 9HF",30,,MEADWAY,,ESHER,KT10 9HF,Elmbridge,Detached,,,,,,surrey-private-estates-2026-07-22-corrected-6,,,2100000,2008-10-29,elmbridge-prime,A
lr-8e9672f50dbd96d773c1,property:THE RED HOUSE COPPICE LANE REIGATE RH2 9JF|RH29JF,"THE RED HOUSE, COPPICE LANE, REIGATE, RH2 9JF",THE RED HOUSE,,COPPICE LANE,,REIGATE,RH2 9JF,Reigate and Banstead,Detached,,,,,,surrey-private-estates-2026-07-22-corrected-6,,,2850000,2008-10-16,reigate-banstead,A
lr-a5b3b26b7009da48dd7e,property:10 POND CLOSE HERSHAM WALTON ON THAMES KT12 5DR|KT125DR,"10, POND CLOSE, HERSHAM, WALTON-ON-THAMES, KT12 5DR",10,,POND CLOSE,HERSHAM,WALTON-ON-THAMES,KT12 5DR,Elmbridge,Detached,burwood-park,Burwood Park,A,traditional_private_estate,pe:burwood-park:pond-close:whole,surrey-private-estates-2026-07-22-corrected-6,verified,ready,2350000,2008-10-14,elmbridge-prime,A
lr-acbf23ca79a0e496d923,property:MAYFIELD KNIPP HILL COBHAM KT11 2PE|KT112PE,"MAYFIELD, KNIPP HILL, COBHAM, KT11 2PE",MAYFIELD,,KNIPP HILL,,COBHAM,KT11 2PE,Elmbridge,Detached,,,,,,surrey-private-estates-2026-07-22-corrected-6,,,2100000,2008-10-09,elmbridge-prime,A
lr-308c654bc7c6c38716d8,property:BRIDGE END HOUSE HYDE LANE OCKHAM WOKING GU23 6NS|GU236NS,"BRIDGE END HOUSE, HYDE LANE, OCKHAM, WOKING, GU23 6NS",BRIDGE END HOUSE,,HYDE LANE,OCKHAM,WOKING,GU23 6NS,Guildford,Detached,,,,,,surrey-private-estates-2026-07-22-corrected-6,,,3250000,2008-10-07,guildford-district,A
lr-2980cc54fe21ae138f2c,property:4 DANES WAY OXSHOTT LEATHERHEAD KT22 0LX|KT220LX,"4, DANES WAY, OXSHOTT, LEATHERHEAD, KT22 0LX",4,,DANES WAY,OXSHOTT,LEATHERHEAD,KT22 0LX,Elmbridge,Detached,,,,,,surrey-private-estates-2026-07-22-corrected-6,,,2750000,2008-10-01,elmbridge-prime,A
lr-c00755ab021f4462666d,property:15 LITTLEWORTH LANE ESHER KT10 9PF|KT109PF,"15, LITTLEWORTH LANE, ESHER, KT10 9PF",15,,LITTLEWORTH LANE,,ESHER,KT10 9PF,Elmbridge,Detached,,,,,,surrey-private-estates-2026-07-22-corrected-6,,,2350000,2008-09-26,elmbridge-prime,A
lr-68d6335b06c7b549cc04,property:27 OXSHOTT RISE COBHAM KT11 2RW|KT112RW,"27, OXSHOTT RISE, COBHAM, KT11 2RW",27,,OXSHOTT RISE,,COBHAM,KT11 2RW,Elmbridge,Detached,oxshott-way-estate,Oxshott Way Estate,A,traditional_private_estate,pe:oxshott-way-estate:oxshott-rise:whole,surrey-private-estates-2026-07-22-corrected-6,verified,ready,3250000,2008-09-12,elmbridge-prime,A
lr-a109f8760af9c614402b,property:2 SPRINGWOOD PLACE WEYBRIDGE KT13 0UB|KT130UB,"2, SPRINGWOOD PLACE, WEYBRIDGE, KT13 0UB",2,,SPRINGWOOD PLACE,,WEYBRIDGE,KT13 0UB,Elmbridge,Detached,,,,,,surrey-private-estates-2026-07-22-corrected-6,,,2350000,2008-09-12,elmbridge-prime,A
lr-17eac3812215d2ada12f,property:THE GATEHOUSE THE WOLDS WARLINGHAM CR6 9LU|CR69LU,"THE GATEHOUSE, THE WOLDS, WARLINGHAM, CR6 9LU",THE GATEHOUSE,,THE WOLDS,,WARLINGHAM,CR6 9LU,Tandridge,Detached,,,,,,surrey-private-estates-2026-07-22-corrected-6,,,3800000,2008-09-05,tandridge-oxted,A
lr-2b9d3f5f9ce3544d9def,property:46 PALACE ROAD EAST MOLESEY KT8 9DW|KT89DW,"46, PALACE ROAD, EAST MOLESEY, KT8 9DW",46,,PALACE ROAD,,EAST MOLESEY,KT8 9DW,Elmbridge,Detached,,,,,,surrey-private-estates-2026-07-22-corrected-6,,,2650000,2008-09-05,elmbridge-prime,A
lr-574d47c2225827392c68,property:ORNSAY WOODLANDS ROAD WEST VIRGINIA WATER GU25 4PN|GU254PN,"ORNSAY, WOODLANDS ROAD WEST, VIRGINIA WATER, GU25 4PN",ORNSAY,,WOODLANDS ROAD WEST,,VIRGINIA WATER,GU25 4PN,Runnymede,Detached,wentworth-estate,Wentworth Estate,A,traditional_private_estate,pe:wentworth-estate:woodlands-road-west:whole,surrey-private-estates-2026-07-22-corrected-6,verified,partial_ready,2825000,2008-09-04,runnymede-wentworth,A
lr-0b5291838fd8c357ed21,property:THE BEECHES MOUNT ROAD CHOBHAM WOKING GU24 8AW|GU248AW,"THE BEECHES, MOUNT ROAD, CHOBHAM, WOKING, GU24 8AW",THE BEECHES,,MOUNT ROAD,CHOBHAM,WOKING,GU24 8AW,Surrey Heath,Detached,,,,,,surrey-private-estates-2026-07-22-corrected-6,,,2040000,2008-09-04,surrey-heath,A
lr-d70d763a717440fdd839,property:29 ARBROOK LANE ESHER KT10 9EG|KT109EG,"29, ARBROOK LANE, ESHER, KT10 9EG",29,,ARBROOK LANE,,ESHER,KT10 9EG,Elmbridge,Detached,,,,,,surrey-private-estates-2026-07-22-corrected-6,,,2000000,2008-09-02,elmbridge-prime,A
lr-2684c201db5bef09eef0,property:DANEHILL WEST DRIVE VIRGINIA WATER GU25 4LY|GU254LY,"DANEHILL, WEST DRIVE, VIRGINIA WATER, GU25 4LY",DANEHILL,,WEST DRIVE,,VIRGINIA WATER,GU25 4LY,Runnymede,Detached,wentworth-estate,Wentworth Estate,A,traditional_private_estate,pe:wentworth-estate:west-drive:whole,surrey-private-estates-2026-07-22-corrected-6,verified,partial_ready,3400000,2008-08-29,runnymede-wentworth,A
lr-1a85f3ccc43bcaf66ba5,property:BROOK FARM HOUSE HASLEMERE ROAD BROOK GODALMING GU8 5UJ|GU85UJ,"BROOK FARM HOUSE, HASLEMERE ROAD, BROOK, GODALMING, GU8 5UJ",BROOK FARM HOUSE,,HASLEMERE ROAD,BROOK,GODALMING,GU8 5UJ,Waverley,Detached,,,,,,surrey-private-estates-2026-07-22-corrected-6,,,2100000,2008-08-29,waverley-south-surrey,A
lr-32ab16af14139818d417,property:15 GOLDRINGS ROAD OXSHOTT LEATHERHEAD KT22 0QP|KT220QP,"15, GOLDRINGS ROAD, OXSHOTT, LEATHERHEAD, KT22 0QP",15,,GOLDRINGS ROAD,OXSHOTT,LEATHERHEAD,KT22 0QP,Elmbridge,Detached,,,,,,surrey-private-estates-2026-07-22-corrected-6,,,3350000,2008-08-22,elmbridge-prime,A
lr-d98d505e5c538057e7f5,property:WILLOW HOUSE 4 EATON PARK ROAD COBHAM KT11 2JH|KT112JH,"WILLOW HOUSE, 4, EATON PARK ROAD, COBHAM, KT11 2JH","WILLOW HOUSE, 4",,EATON PARK ROAD,,COBHAM,KT11 2JH,Elmbridge,Detached,eaton-park,Eaton Park,A,traditional_private_estate,pe:eaton-park:eaton-park-road:whole,surrey-private-estates-2026-07-22-corrected-6,verified,ready,2499000,2008-08-20,elmbridge-prime,A
lr-7ec0a5387d05c257a141,property:EASTBURY BARN PRIORSFIELD ROAD HURTMORE GODALMING GU7 2RQ|GU72RQ,"EASTBURY BARN, PRIORSFIELD ROAD, HURTMORE, GODALMING, GU7 2RQ",EASTBURY BARN,,PRIORSFIELD ROAD,HURTMORE,GODALMING,GU7 2RQ,Guildford,Detached,,,,,,surrey-private-estates-2026-07-22-corrected-6,,,2150000,2008-08-20,guildford-district,A
lr-da7d0fa32299b93e152e,property:HEATHRIDGE HOUSE MOLES HILL OXSHOTT LEATHERHEAD KT22 0QB|KT220QB,"HEATHRIDGE HOUSE, MOLES HILL, OXSHOTT, LEATHERHEAD, KT22 0QB",HEATHRIDGE HOUSE,,MOLES HILL,OXSHOTT,LEATHERHEAD,KT22 0QB,Elmbridge,Detached,crown-estate-oxshott,"Crown Estate, Oxshott",A,traditional_private_estate,pe:crown-estate-oxshott:moles-hill:whole,surrey-private-estates-2026-07-22-corrected-6,verified_multi_source,partial_ready,3350000,2008-08-19,elmbridge-prime,A
lr-03ac9756f733e2f4923b,property:CRANFORD LODGE ELLESMERE ROAD WEYBRIDGE KT13 0HQ|KT130HQ,"CRANFORD LODGE, ELLESMERE ROAD, WEYBRIDGE, KT13 0HQ",CRANFORD LODGE,,ELLESMERE ROAD,,WEYBRIDGE,KT13 0HQ,Elmbridge,Detached,,,,,,surrey-private-estates-2026-07-22-corrected-6,,,2100000,2008-08-14,elmbridge-prime,A
lr-455e627a320a110b1a0b,property:MUNSTEAD PLACE HEATH LANE GODALMING GU7 1UN|GU71UN,"MUNSTEAD PLACE, HEATH LANE, GODALMING, GU7 1UN",MUNSTEAD PLACE,,HEATH LANE,,GODALMING,GU7 1UN,Waverley,Detached,,,,,,surrey-private-estates-2026-07-22-corrected-6,,,3450000,2008-08-12,waverley-south-surrey,A
lr-8adba8312d9ec56a05c8,property:DRAGON WYCK OLD AVENUE WEYBRIDGE KT13 0PY|KT130PY,"DRAGON WYCK, OLD AVENUE, WEYBRIDGE, KT13 0PY",DRAGON WYCK,,OLD AVENUE,,WEYBRIDGE,KT13 0PY,Elmbridge,Detached,,,,,,surrey-private-estates-2026-07-22-corrected-6,,,4350000,2008-08-11,elmbridge-prime,A
lr-ea5691a16adf355574a9,property:LONGBOURN SHERBOURNE DRIVE ASCOT SL5 0LG|SL50LG,"LONGBOURN, SHERBOURNE DRIVE, ASCOT, SL5 0LG",LONGBOURN,,SHERBOURNE DRIVE,,ASCOT,SL5 0LG,Runnymede,Detached,,,,,,surrey-private-estates-2026-07-22-corrected-6,,,4350000,2008-08-08,runnymede-wentworth,A
lr-dc20e29a8271045e8b3e,property:9 OAKWOOD ROAD VIRGINIA WATER GU25 4RZ|GU254RZ,"9, OAKWOOD ROAD, VIRGINIA WATER, GU25 4RZ",9,,OAKWOOD ROAD,,VIRGINIA WATER,GU25 4RZ,Runnymede,Detached,,,,,,surrey-private-estates-2026-07-22-corrected-6,,,2390000,2008-08-08,runnymede-wentworth,A
lr-5f4057b388879346712d,property:3 VIRGINIA DRIVE VIRGINIA WATER GU25 4RX|GU254RX,"3, VIRGINIA DRIVE, VIRGINIA WATER, GU25 4RX",3,,VIRGINIA DRIVE,,VIRGINIA WATER,GU25 4RX,Runnymede,Detached,wentworth-estate,Wentworth Estate,A,traditional_private_estate,pe:wentworth-estate:virginia-drive:whole,surrey-private-estates-2026-07-22-corrected-6,verified,partial_ready,2550000,2008-08-04,runnymede-wentworth,A
lr-58c41ce8b348b38c3e22,property:MAGNOLIA HOUSE FOREST ROAD WOKING GU22 8LU|GU228LU,"MAGNOLIA HOUSE, FOREST ROAD, WOKING, GU22 8LU",MAGNOLIA HOUSE,,FOREST ROAD,,WOKING,GU22 8LU,Woking,Detached,,,,,,surrey-private-estates-2026-07-22-corrected-6,,,2800000,2008-07-31,woking-district,A
lr-7cb01d979b53ea8a18f6,property:RUNFOLD MANOR HOGS BACK SEALE FARNHAM GU10 1JX|GU101JX,"RUNFOLD MANOR, HOGS BACK, SEALE, FARNHAM, GU10 1JX",RUNFOLD MANOR,,HOGS BACK,SEALE,FARNHAM,GU10 1JX,Guildford,Detached,,,,,,surrey-private-estates-2026-07-22-corrected-6,,,2275000,2008-07-30,guildford-district,A
lr-c1d97814060c67f798cc,property:ASHLEY LODGE LINKS ROAD BRAMLEY GUILDFORD GU5 0AL|GU50AL,"ASHLEY LODGE, LINKS ROAD, BRAMLEY, GUILDFORD, GU5 0AL",ASHLEY LODGE,,LINKS ROAD,BRAMLEY,GUILDFORD,GU5 0AL,Waverley,Detached,,,,,,surrey-private-estates-2026-07-22-corrected-6,,,2000000,2008-07-28,waverley-south-surrey,A
lr-9be096cf7fbe23b09dc7,property:19 WEYBRIDGE PARK WEYBRIDGE KT13 8SL|KT138SL,"19, WEYBRIDGE PARK, WEYBRIDGE, KT13 8SL",19,,WEYBRIDGE PARK,,WEYBRIDGE,KT13 8SL,Elmbridge,Detached,weybridge-park,Weybridge Park,A,traditional_private_estate,pe:weybridge-park:weybridge-park:whole,surrey-private-estates-2026-07-22-corrected-6,verified,ready,2170000,2008-07-25,elmbridge-prime,A
lr-da9015157491d2a4ab2a,property:HANGERFIELD CHURCH LANE WITLEY GODALMING GU8 5PR|GU85PR,"HANGERFIELD, CHURCH LANE, WITLEY, GODALMING, GU8 5PR",HANGERFIELD,,CHURCH LANE,WITLEY,GODALMING,GU8 5PR,Waverley,Detached,,,,,,surrey-private-estates-2026-07-22-corrected-6,,,2750000,2008-07-14,waverley-south-surrey,A
lr-a70ef7703041d886bcf4,property:7 SPICERS FIELD OXSHOTT LEATHERHEAD KT22 0UT|KT220UT,"7, SPICERS FIELD, OXSHOTT, LEATHERHEAD, KT22 0UT",7,,SPICERS FIELD,OXSHOTT,LEATHERHEAD,KT22 0UT,Elmbridge,Detached,crown-estate-oxshott,"Crown Estate, Oxshott",A,traditional_private_estate,pe:crown-estate-oxshott:spicers-field:whole,surrey-private-estates-2026-07-22-corrected-6,verified_multi_source,partial_ready,2100000,2008-07-08,elmbridge-prime,A
lr-2c28e8fdb50dec038175,property:10 DEEPDENE WOOD DORKING RH5 4BG|RH54BG,"10, DEEPDENE WOOD, DORKING, RH5 4BG",10,,DEEPDENE WOOD,,DORKING,RH5 4BG,Mole Valley,Detached,,,,,,surrey-private-estates-2026-07-22-corrected-6,,,2100000,2008-07-04,mole-valley,A
lr-23b897aff8498adc3f8d,property:20 HOLTWOOD ROAD OXSHOTT LEATHERHEAD KT22 0QJ|KT220QJ,"20, HOLTWOOD ROAD, OXSHOTT, LEATHERHEAD, KT22 0QJ",20,,HOLTWOOD ROAD,OXSHOTT,LEATHERHEAD,KT22 0QJ,Elmbridge,Detached,,,,,,surrey-private-estates-2026-07-22-corrected-6,,,2450000,2008-07-03,elmbridge-prime,A
lr-573cd92d99e128e0b604,property:5 CLARE HILL ESHER KT10 9NA|KT109NA,"5, CLARE HILL, ESHER, KT10 9NA",5,,CLARE HILL,,ESHER,KT10 9NA,Elmbridge,Detached,,,,,,surrey-private-estates-2026-07-22-corrected-6,,,4000000,2008-06-30,elmbridge-prime,A
lr-027b5ca51cbeeaff8ee5,property:HAVERSTOCK HOUSE 1 KEEPERS WALK VIRGINIA WATER GU25 4RU|GU254RU,"HAVERSTOCK HOUSE, 1, KEEPERS WALK, VIRGINIA WATER, GU25 4RU","HAVERSTOCK HOUSE, 1",,KEEPERS WALK,,VIRGINIA WATER,GU25 4RU,Runnymede,Detached,,,,,,surrey-private-estates-2026-07-22-corrected-6,,,5000000,2008-06-27,runnymede-wentworth,A
lr-3af14512bf96bc6d5c51,property:BELVEDERE HOUSE EATON PARK ROAD COBHAM KT11 2JJ|KT112JJ,"BELVEDERE HOUSE, EATON PARK ROAD, COBHAM, KT11 2JJ",BELVEDERE HOUSE,,EATON PARK ROAD,,COBHAM,KT11 2JJ,Elmbridge,Detached,eaton-park,Eaton Park,A,traditional_private_estate,pe:eaton-park:eaton-park-road:whole,surrey-private-estates-2026-07-22-corrected-6,verified,ready,2300000,2008-06-19,elmbridge-prime,A
lr-1ef446626c44b015e7eb,property:CORMONT BEECHES LUNGHURST ROAD WOLDINGHAM CATERHAM CR3 7HF|CR37HF,"CORMONT BEECHES, LUNGHURST ROAD, WOLDINGHAM, CATERHAM, CR3 7HF",CORMONT BEECHES,,LUNGHURST ROAD,WOLDINGHAM,CATERHAM,CR3 7HF,Tandridge,Detached,,,,,,surrey-private-estates-2026-07-22-corrected-6,,,2100000,2008-06-16,tandridge-oxted,A
lr-9ef38c131088cdc9eb58,property:VANN HOUSE FRIDAY STREET OCKLEY DORKING RH5 5TE|RH55TE,"VANN HOUSE, FRIDAY STREET, OCKLEY, DORKING, RH5 5TE",VANN HOUSE,,FRIDAY STREET,OCKLEY,DORKING,RH5 5TE,Mole Valley,Detached,,,,,,surrey-private-estates-2026-07-22-corrected-6,,,2000000,2008-06-16,mole-valley,A
lr-945902a67c4be6cb6391,property:15 FURZE FIELD OXSHOTT LEATHERHEAD KT22 0UR|KT220UR,"15, FURZE FIELD, OXSHOTT, LEATHERHEAD, KT22 0UR",15,,FURZE FIELD,OXSHOTT,LEATHERHEAD,KT22 0UR,Elmbridge,Detached,crown-estate-oxshott,"Crown Estate, Oxshott",A,traditional_private_estate,pe:crown-estate-oxshott:furze-field:whole,surrey-private-estates-2026-07-22-corrected-6,verified_multi_source,partial_ready,2450000,2008-06-02,elmbridge-prime,A
lr-4c1e9ad65ddbf043f0fe,property:TUGLEY FARM PICKHURST ROAD CHIDDINGFOLD GODALMING GU8 4TG|GU84TG,"TUGLEY FARM, PICKHURST ROAD, CHIDDINGFOLD, GODALMING, GU8 4TG",TUGLEY FARM,,PICKHURST ROAD,CHIDDINGFOLD,GODALMING,GU8 4TG,Waverley,Detached,,,,,,surrey-private-estates-2026-07-22-corrected-6,,,3850000,2008-05-28,waverley-south-surrey,A
lr-6162b81b6263b228aff2,property:10 EAST LANE WEST HORSLEY LEATHERHEAD KT24 6HL|KT246HL,"10, EAST LANE, WEST HORSLEY, LEATHERHEAD, KT24 6HL",10,,EAST LANE,WEST HORSLEY,LEATHERHEAD,KT24 6HL,Guildford,Detached,,,,,,surrey-private-estates-2026-07-22-corrected-6,,,2350000,2008-05-21,guildford-district,A
lr-1fd67b8ac311bc18178d,property:58 FAIRMILE LANE COBHAM KT11 2DE|KT112DE,"58, FAIRMILE LANE, COBHAM, KT11 2DE",58,,FAIRMILE LANE,,COBHAM,KT11 2DE,Elmbridge,Detached,,,,,,surrey-private-estates-2026-07-22-corrected-6,,,2075000,2008-05-09,elmbridge-prime,A
lr-0efdf1b24b5e74332223,property:COLVILLE HOUSE LIGHTWATER ROAD LIGHTWATER GU18 5XQ|GU185XQ,"COLVILLE HOUSE, LIGHTWATER ROAD, LIGHTWATER, GU18 5XQ",COLVILLE HOUSE,,LIGHTWATER ROAD,,LIGHTWATER,GU18 5XQ,Surrey Heath,Detached,,,,,,surrey-private-estates-2026-07-22-corrected-6,,,2350000,2008-05-02,surrey-heath,A
lr-a95b6fadc4ec5c7a1b58,property:22 FAIRMILE LANE COBHAM KT11 2DJ|KT112DJ,"22, FAIRMILE LANE, COBHAM, KT11 2DJ",22,,FAIRMILE LANE,,COBHAM,KT11 2DJ,Elmbridge,Detached,,,,,,surrey-private-estates-2026-07-22-corrected-6,,,2475000,2008-04-30,elmbridge-prime,A
lr-90311f492f63725c263d,property:8 HOLTWOOD ROAD OXSHOTT LEATHERHEAD KT22 0QJ|KT220QJ,"8, HOLTWOOD ROAD, OXSHOTT, LEATHERHEAD, KT22 0QJ",8,,HOLTWOOD ROAD,OXSHOTT,LEATHERHEAD,KT22 0QJ,Elmbridge,Detached,,,,,,surrey-private-estates-2026-07-22-corrected-6,,,2200000,2008-04-30,elmbridge-prime,A
lr-1bc106cfc02696df51c3,property:TYTING FIELDS HALFPENNY LANE GUILDFORD GU4 8PZ|GU48PZ,"TYTING FIELDS, HALFPENNY LANE, GUILDFORD, GU4 8PZ",TYTING FIELDS,,HALFPENNY LANE,,GUILDFORD,GU4 8PZ,Guildford,Detached,,,,,,surrey-private-estates-2026-07-22-corrected-6,,,2500000,2008-04-25,guildford-district,A
lr-350df706574c53810bbf,property:KIMBERLEY SHERBOURNE DRIVE ASCOT SL5 0LG|SL50LG,"KIMBERLEY, SHERBOURNE DRIVE, ASCOT, SL5 0LG",KIMBERLEY,,SHERBOURNE DRIVE,,ASCOT,SL5 0LG,Runnymede,Detached,,,,,,surrey-private-estates-2026-07-22-corrected-6,,,3750000,2008-04-21,runnymede-wentworth,A
lr-276cba2655a1c47b86f5,property:LOTUS HOUSE THE CHASE KINGSWOOD TADWORTH KT20 6HY|KT206HY,"LOTUS HOUSE, THE CHASE, KINGSWOOD, TADWORTH, KT20 6HY",LOTUS HOUSE,,THE CHASE,KINGSWOOD,TADWORTH,KT20 6HY,Reigate and Banstead,Detached,,,,,,surrey-private-estates-2026-07-22-corrected-6,,,2375000,2008-04-18,reigate-banstead,A
lr-7c967945abf2a5b23e39,property:17 LITTLEWORTH LANE ESHER KT10 9PF|KT109PF,"17, LITTLEWORTH LANE, ESHER, KT10 9PF",17,,LITTLEWORTH LANE,,ESHER,KT10 9PF,Elmbridge,Detached,,,,,,surrey-private-estates-2026-07-22-corrected-6,,,2650000,2008-04-15,elmbridge-prime,A
lr-4b74bf410504eec50a60,property:29 BLACKHILLS ESHER KT10 9JP|KT109JP,"29, BLACKHILLS, ESHER, KT10 9JP",29,,BLACKHILLS,,ESHER,KT10 9JP,Elmbridge,Detached,,,,,,surrey-private-estates-2026-07-22-corrected-6,,,4000000,2008-04-03,elmbridge-prime,A
lr-f2729cc6a33e74acdc63,property:9 SANDOWN AVENUE ESHER KT10 9NT|KT109NT,"9, SANDOWN AVENUE, ESHER, KT10 9NT",9,,SANDOWN AVENUE,,ESHER,KT10 9NT,Woking,Detached,,,,,,surrey-private-estates-2026-07-22-corrected-6,,,3150000,2008-03-25,woking-district,A
lr-9c0a65a6f1e371b4ec67,property:6 LITTLEWORTH COMMON ROAD ESHER KT10 9UE|KT109UE,"6, LITTLEWORTH COMMON ROAD, ESHER, KT10 9UE",6,,LITTLEWORTH COMMON ROAD,,ESHER,KT10 9UE,Elmbridge,Detached,,,,,,surrey-private-estates-2026-07-22-corrected-6,,,2409000,2008-03-25,elmbridge-prime,A
lr-962c6b71e609d908c254,property:BALMORAL HOUSE 12 BROCK WAY VIRGINIA WATER GU25 4SD|GU254SD,"BALMORAL HOUSE, 12, BROCK WAY, VIRGINIA WATER, GU25 4SD","BALMORAL HOUSE, 12",,BROCK WAY,,VIRGINIA WATER,GU25 4SD,Runnymede,Detached,,,,,,surrey-private-estates-2026-07-22-corrected-6,,,2650000,2008-03-19,runnymede-wentworth,A
lr-4b6cf1b8ff2d5cca8334,property:19 LEYS ROAD OXSHOTT LEATHERHEAD KT22 0QE|KT220QE,"19, LEYS ROAD, OXSHOTT, LEATHERHEAD, KT22 0QE",19,,LEYS ROAD,OXSHOTT,LEATHERHEAD,KT22 0QE,Elmbridge,Detached,crown-estate-oxshott,"Crown Estate, Oxshott",A,traditional_private_estate,pe:crown-estate-oxshott:leys-road:whole,surrey-private-estates-2026-07-22-corrected-6,verified_multi_source,partial_ready,4750000,2008-03-14,elmbridge-prime,A
lr-375800d0dd2c8f819d25,property:7 LEYS ROAD OXSHOTT LEATHERHEAD KT22 0QE|KT220QE,"7, LEYS ROAD, OXSHOTT, LEATHERHEAD, KT22 0QE",7,,LEYS ROAD,OXSHOTT,LEATHERHEAD,KT22 0QE,Elmbridge,Detached,crown-estate-oxshott,"Crown Estate, Oxshott",A,traditional_private_estate,pe:crown-estate-oxshott:leys-road:whole,surrey-private-estates-2026-07-22-corrected-6,verified_multi_source,partial_ready,2750000,2008-03-14,elmbridge-prime,A
lr-4bedbf3f4a15486a5479,property:THE LONG BARN DOG KENNEL GREEN RANMORE COMMON DORKING RH5 6SU|RH56SU,"THE LONG BARN, DOG KENNEL GREEN, RANMORE COMMON, DORKING, RH5 6SU",THE LONG BARN,,DOG KENNEL GREEN,RANMORE COMMON,DORKING,RH5 6SU,Guildford,Detached,,,,,,surrey-private-estates-2026-07-22-corrected-6,,,2200000,2008-03-14,guildford-district,A
lr-25258abe8f9bd4c4690b,property:29 WOLSEY ROAD EAST MOLESEY KT8 9EN|KT89EN,"29, WOLSEY ROAD, EAST MOLESEY, KT8 9EN",29,,WOLSEY ROAD,,EAST MOLESEY,KT8 9EN,Elmbridge,Detached,,,,,,surrey-private-estates-2026-07-22-corrected-6,,,3000000,2008-03-12,elmbridge-prime,A
lr-39360cd32e5b8e9a8f1e,property:FERNHURST WEST ROAD WEYBRIDGE KT13 0LZ|KT130LZ,"FERNHURST, WEST ROAD, WEYBRIDGE, KT13 0LZ",FERNHURST,,WEST ROAD,,WEYBRIDGE,KT13 0LZ,Elmbridge,Detached,st-georges-hill,St George's Hill,A,traditional_private_estate,pe:st-georges-hill:west-road:whole,surrey-private-estates-2026-07-22-corrected-6,verified,partial_ready,4000000,2008-03-06,elmbridge-prime,A
lr-0649b22dbb27fca18ae5,property:TOROSA 30 GRAYS LANE ASHTEAD KT21 1BU|KT211BU,"TOROSA, 30, GRAYS LANE, ASHTEAD, KT21 1BU","TOROSA, 30",,GRAYS LANE,,ASHTEAD,KT21 1BU,Mole Valley,Detached,,,,,,surrey-private-estates-2026-07-22-corrected-6,,,2450000,2008-03-03,mole-valley,A
lr-f416d68408de4eaa64b1,property:MOUNTFIELD HOUSE CHARGATE CLOSE HERSHAM WALTON ON THAMES KT12 5AF|KT125AF,"MOUNTFIELD HOUSE, CHARGATE CLOSE, HERSHAM, WALTON-ON-THAMES, KT12 5AF",MOUNTFIELD HOUSE,,CHARGATE CLOSE,HERSHAM,WALTON-ON-THAMES,KT12 5AF,Elmbridge,Detached,burwood-park,Burwood Park,A,traditional_private_estate,pe:burwood-park:chargate-close:whole,surrey-private-estates-2026-07-22-corrected-6,verified,ready,2350000,2008-03-03,elmbridge-prime,A
lr-86157380d3902d9a8e39,property:COPTHORNE PORTNALL DRIVE VIRGINIA WATER GU25 4NR|GU254NR,"COPTHORNE, PORTNALL DRIVE, VIRGINIA WATER, GU25 4NR",COPTHORNE,,PORTNALL DRIVE,,VIRGINIA WATER,GU25 4NR,Runnymede,Detached,wentworth-estate,Wentworth Estate,A,traditional_private_estate,pe:wentworth-estate:portnall-drive:whole,surrey-private-estates-2026-07-22-corrected-6,verified,partial_ready,4650000,2008-02-29,runnymede-wentworth,A
lr-b636fa7e06268c15726e,property:17 COMPTON WAY MOOR PARK FARNHAM GU10 1QY|GU101QY,"17, COMPTON WAY, MOOR PARK, FARNHAM, GU10 1QY",17,,COMPTON WAY,MOOR PARK,FARNHAM,GU10 1QY,Waverley,Detached,,,,,,surrey-private-estates-2026-07-22-corrected-6,,,2100000,2008-02-29,waverley-south-surrey,A
lr-4f4f9492a9eb46868dff,property:OAK COURT 33 ALBURY ROAD HERSHAM WALTON ON THAMES KT12 5DT|KT125DT,"OAK COURT, 33, ALBURY ROAD, HERSHAM, WALTON-ON-THAMES, KT12 5DT","OAK COURT, 33",,ALBURY ROAD,HERSHAM,WALTON-ON-THAMES,KT12 5DT,Elmbridge,Detached,burwood-park,Burwood Park,A,traditional_private_estate,pe:burwood-park:albury-road:whole,surrey-private-estates-2026-07-22-corrected-6,verified,ready,2500000,2008-02-28,elmbridge-prime,A
lr-214c1789166864c0e3b8,property:HAMPTON HOUSE 17 ESHER PARK AVENUE ESHER KT10 9NX|KT109NX,"HAMPTON HOUSE, 17, ESHER PARK AVENUE, ESHER, KT10 9NX","HAMPTON HOUSE, 17",,ESHER PARK AVENUE,,ESHER,KT10 9NX,Elmbridge,Detached,,,,,,surrey-private-estates-2026-07-22-corrected-6,,,2200000,2008-02-27,elmbridge-prime,A
lr-00918aa126d728dda70c,property:2 HAREBELL HILL COBHAM KT11 2RS|KT112RS,"2, HAREBELL HILL, COBHAM, KT11 2RS",2,,HAREBELL HILL,,COBHAM,KT11 2RS,Elmbridge,Detached,oxshott-way-estate,Oxshott Way Estate,A,traditional_private_estate,pe:oxshott-way-estate:harebell-hill:whole,surrey-private-estates-2026-07-22-corrected-6,verified,ready,4600000,2008-02-22,elmbridge-prime,A
lr-c73e4cc70acfad3d43bf,property:7 CHARGATE CLOSE HERSHAM WALTON ON THAMES KT12 5DW|KT125DW,"7, CHARGATE CLOSE, HERSHAM, WALTON-ON-THAMES, KT12 5DW",7,,CHARGATE CLOSE,HERSHAM,WALTON-ON-THAMES,KT12 5DW,Elmbridge,Detached,burwood-park,Burwood Park,A,traditional_private_estate,pe:burwood-park:chargate-close:whole,surrey-private-estates-2026-07-22-corrected-6,verified,ready,2000000,2008-02-22,elmbridge-prime,A
lr-6e374c4054cdd8091148,property:41 WOLSEY ROAD EAST MOLESEY KT8 9EW|KT89EW,"41, WOLSEY ROAD, EAST MOLESEY, KT8 9EW",41,,WOLSEY ROAD,,EAST MOLESEY,KT8 9EW,Elmbridge,Semi Detached,,,,,,surrey-private-estates-2026-07-22-corrected-6,,,2050000,2008-02-19,elmbridge-prime,A
lr-0fa4245becc503b9001a,property:COPPERFIELDS 14 BLACKHILLS ESHER KT10 9JW|KT109JW,"COPPERFIELDS, 14, BLACKHILLS, ESHER, KT10 9JW","COPPERFIELDS, 14",,BLACKHILLS,,ESHER,KT10 9JW,Elmbridge,Detached,,,,,,surrey-private-estates-2026-07-22-corrected-6,,,3900000,2008-02-18,elmbridge-prime,A
lr-631f6619ac5a1a54614b,property:EDEN HOUSE HASCOMBE ROAD GODALMING GU8 4AD|GU84AD,"EDEN HOUSE, HASCOMBE ROAD, GODALMING, GU8 4AD",EDEN HOUSE,,HASCOMBE ROAD,,GODALMING,GU8 4AD,Waverley,Detached,,,,,,surrey-private-estates-2026-07-22-corrected-6,,,2752000,2008-02-14,waverley-south-surrey,A
lr-b07f2feb6542a4c1f670,property:CARPENTERS FIELD HIGHFIELD LANE PUTTENHAM GUILDFORD GU3 1BB|GU31BB,"CARPENTERS FIELD, HIGHFIELD LANE, PUTTENHAM, GUILDFORD, GU3 1BB",CARPENTERS FIELD,,HIGHFIELD LANE,PUTTENHAM,GUILDFORD,GU3 1BB,Guildford,Detached,,,,,,surrey-private-estates-2026-07-22-corrected-6,,,2300000,2008-02-07,guildford-district,A
lr-68011d6e42ca2436ff29,property:THE COPPICE GODOLPHIN ROAD WEYBRIDGE KT13 0PT|KT130PT,"THE COPPICE, GODOLPHIN ROAD, WEYBRIDGE, KT13 0PT",THE COPPICE,,GODOLPHIN ROAD,,WEYBRIDGE,KT13 0PT,Elmbridge,Detached,st-georges-hill,St George's Hill,A,traditional_private_estate,pe:st-georges-hill:godolphin-road:whole,surrey-private-estates-2026-07-22-corrected-6,verified,partial_ready,3975000,2008-02-01,elmbridge-prime,A
lr-8e336d2d070a784bc633,property:9 NEW ROAD ESHER KT10 9PG|KT109PG,"9, NEW ROAD, ESHER, KT10 9PG",9,,NEW ROAD,,ESHER,KT10 9PG,Elmbridge,Semi Detached,,,,,,surrey-private-estates-2026-07-22-corrected-6,,,2950000,2008-02-01,elmbridge-prime,A
lr-02d4c4066e2464775528,property:BIRCHINGTON GORSE HILL ROAD VIRGINIA WATER GU25 4AU|GU254AU,"BIRCHINGTON, GORSE HILL ROAD, VIRGINIA WATER, GU25 4AU",BIRCHINGTON,,GORSE HILL ROAD,,VIRGINIA WATER,GU25 4AU,Runnymede,Detached,,,,,,surrey-private-estates-2026-07-22-corrected-6,,,2350000,2008-02-01,runnymede-wentworth,A
lr-6ce3cb55de8bfccc0720,property:FOXBURY CRABTREE LANE WESTHUMBLE DORKING RH5 6BQ|RH56BQ,"FOXBURY, CRABTREE LANE, WESTHUMBLE, DORKING, RH5 6BQ",FOXBURY,,CRABTREE LANE,WESTHUMBLE,DORKING,RH5 6BQ,Mole Valley,Detached,,,,,,surrey-private-estates-2026-07-22-corrected-6,,,3250000,2008-01-31,mole-valley,A
lr-088cdcfcff813c7eed00,property:WILLOW HOUSE MOLES HILL OXSHOTT LEATHERHEAD KT22 0QB|KT220QB,"WILLOW HOUSE, MOLES HILL, OXSHOTT, LEATHERHEAD, KT22 0QB",WILLOW HOUSE,,MOLES HILL,OXSHOTT,LEATHERHEAD,KT22 0QB,Elmbridge,Detached,crown-estate-oxshott,"Crown Estate, Oxshott",A,traditional_private_estate,pe:crown-estate-oxshott:moles-hill:whole,surrey-private-estates-2026-07-22-corrected-6,verified_multi_source,partial_ready,2950000,2008-01-30,elmbridge-prime,A
lr-2861344ec7f786d757ce,property:WINDLEWOOD WESTWOOD ROAD WINDLESHAM GU20 6NB|GU206NB,"WINDLEWOOD, WESTWOOD ROAD, WINDLESHAM, GU20 6NB",WINDLEWOOD,,WESTWOOD ROAD,,WINDLESHAM,GU20 6NB,Surrey Heath,Detached,,,,,,surrey-private-estates-2026-07-22-corrected-6,,,2000000,2008-01-29,surrey-heath,A
lr-59502f63ad4cbe446e89,property:BRIDESTONE FAIROAK CLOSE OXSHOTT LEATHERHEAD KT22 0TJ|KT220TJ,"BRIDESTONE, FAIROAK CLOSE, OXSHOTT, LEATHERHEAD, KT22 0TJ",BRIDESTONE,,FAIROAK CLOSE,OXSHOTT,LEATHERHEAD,KT22 0TJ,Elmbridge,Detached,crown-estate-oxshott,"Crown Estate, Oxshott",A,traditional_private_estate,pe:crown-estate-oxshott:fairoak-close:whole,surrey-private-estates-2026-07-22-corrected-6,verified_multi_source,partial_ready,2500000,2008-01-24,elmbridge-prime,A
lr-599bd28cb8b66ef76a12,property:7 BROADWATER ROAD NORTH HERSHAM WALTON ON THAMES KT12 5DB|KT125DB,"7, BROADWATER ROAD NORTH, HERSHAM, WALTON-ON-THAMES, KT12 5DB",7,,BROADWATER ROAD NORTH,HERSHAM,WALTON-ON-THAMES,KT12 5DB,Elmbridge,Detached,burwood-park,Burwood Park,A,traditional_private_estate,pe:burwood-park:broadwater-road-north:whole,surrey-private-estates-2026-07-22-corrected-6,verified,ready,2425000,2008-01-24,elmbridge-prime,A
lr-c5ab4fed324abb73d67b,property:GREENSIDE CHESTNUT AVENUE VIRGINIA WATER GU25 4NS|GU254NS,"GREENSIDE, CHESTNUT AVENUE, VIRGINIA WATER, GU25 4NS",GREENSIDE,,CHESTNUT AVENUE,,VIRGINIA WATER,GU25 4NS,Runnymede,Detached,wentworth-estate,Wentworth Estate,A,traditional_private_estate,pe:wentworth-estate:chestnut-avenue:whole,surrey-private-estates-2026-07-22-corrected-6,verified,partial_ready,2000000,2008-01-16,runnymede-wentworth,A
lr-a197bb22965b24a7d9eb,property:STREET HOUSE THE STREET THURSLEY GODALMING GU8 6QE|GU86QE,"STREET HOUSE, THE STREET, THURSLEY, GODALMING, GU8 6QE",STREET HOUSE,,THE STREET,THURSLEY,GODALMING,GU8 6QE,Waverley,Detached,,,,,,surrey-private-estates-2026-07-22-corrected-6,,,2900000,2008-01-15,waverley-south-surrey,A
lr-69bfe651a2d0ae9dc0be,property:LE CHENE 12 EATON PARK COBHAM KT11 2JE|KT112JE,"LE CHENE, 12, EATON PARK, COBHAM, KT11 2JE","LE CHENE, 12",,EATON PARK,,COBHAM,KT11 2JE,Elmbridge,Detached,eaton-park,Eaton Park,A,traditional_private_estate,pe:eaton-park:eaton-park:whole,surrey-private-estates-2026-07-22-corrected-6,verified,ready,2800000,2008-01-09,elmbridge-prime,A
lr-428b2dbf55d5817eb52a,property:FOX HOLLOW HEATH RISE VIRGINIA WATER GU25 4AX|GU254AX,"FOX HOLLOW, HEATH RISE, VIRGINIA WATER, GU25 4AX",FOX HOLLOW,,HEATH RISE,,VIRGINIA WATER,GU25 4AX,Runnymede,Detached,,,,,,surrey-private-estates-2026-07-22-corrected-6,,,2500000,2008-01-09,runnymede-wentworth,A
lr-fd5620af523a4a7ed99f,property:WILLOWBROOK NUNS WALK VIRGINIA WATER GU25 4RT|GU254RT,"WILLOWBROOK, NUNS WALK, VIRGINIA WATER, GU25 4RT",WILLOWBROOK,,NUNS WALK,,VIRGINIA WATER,GU25 4RT,Runnymede,Detached,,,,,,surrey-private-estates-2026-07-22-corrected-6,,,2900000,2008-01-08,runnymede-wentworth,A
lr-9a7fb35384e1df218953,property:PLOT 1 7 ICKLINGHAM ROAD COBHAM KT11 2NG|KT112NG,"PLOT 1, 7, ICKLINGHAM ROAD, COBHAM, KT11 2NG",7,PLOT 1,ICKLINGHAM ROAD,,COBHAM,KT11 2NG,Elmbridge,Detached,,,,,,surrey-private-estates-2026-07-22-corrected-6,,,2472095,2008-01-07,elmbridge-prime,A
lr-7fe35aa9a2a309233a13,property:10 MIZEN WAY COBHAM KT11 2RH|KT112RH,"10, MIZEN WAY, COBHAM, KT11 2RH",10,,MIZEN WAY,,COBHAM,KT11 2RH,Elmbridge,Detached,oxshott-way-estate,Oxshott Way Estate,A,traditional_private_estate,pe:oxshott-way-estate:mizen-way:whole,surrey-private-estates-2026-07-22-corrected-6,verified,ready,2500000,2008-01-04,elmbridge-prime,A
lr-957927a47e36a2b7c038,property:1 LEYS ROAD OXSHOTT LEATHERHEAD KT22 0QE|KT220QE,"1, LEYS ROAD, OXSHOTT, LEATHERHEAD, KT22 0QE",1,,LEYS ROAD,OXSHOTT,LEATHERHEAD,KT22 0QE,Elmbridge,Detached,crown-estate-oxshott,"Crown Estate, Oxshott",A,traditional_private_estate,pe:crown-estate-oxshott:leys-road:whole,surrey-private-estates-2026-07-22-corrected-6,verified_multi_source,partial_ready,2450000,2008-01-04,elmbridge-prime,A
lr-4b77e8673a7970c516ef,property:STUDIO FLAT FORTUNA LODGE SPRING WOODS VIRGINIA WATER GU25 4PW|GU254PW,"STUDIO FLAT, FORTUNA LODGE, SPRING WOODS, VIRGINIA WATER, GU25 4PW",FORTUNA LODGE,STUDIO FLAT,SPRING WOODS,,VIRGINIA WATER,GU25 4PW,Runnymede,Detached,wentworth-estate,Wentworth Estate,A,traditional_private_estate,pe:wentworth-estate:spring-woods:whole,surrey-private-estates-2026-07-22-corrected-6,verified,partial_ready,4750000,2007-12-21,runnymede-wentworth,A
lr-a61d0df84907eccaebad,property:HUMMING BIRD SPRING WOODS VIRGINIA WATER GU25 4PW|GU254PW,"HUMMING BIRD, SPRING WOODS, VIRGINIA WATER, GU25 4PW",HUMMING BIRD,,SPRING WOODS,,VIRGINIA WATER,GU25 4PW,Runnymede,Detached,wentworth-estate,Wentworth Estate,A,traditional_private_estate,pe:wentworth-estate:spring-woods:whole,surrey-private-estates-2026-07-22-corrected-6,verified,partial_ready,4750000,2007-12-21,runnymede-wentworth,A
lr-610e903cd1cea38df448,property:PARK FARM THE GREEN DUNSFOLD GODALMING GU8 4NB|GU84NB,"PARK FARM, THE GREEN, DUNSFOLD, GODALMING, GU8 4NB",PARK FARM,,THE GREEN,DUNSFOLD,GODALMING,GU8 4NB,Waverley,Detached,,,,,,surrey-private-estates-2026-07-22-corrected-6,,,2200000,2007-12-21,waverley-south-surrey,A
lr-bcf4826a036493f92247,property:CIARALINN WOODLANDS ROAD WEST VIRGINIA WATER GU25 4PL|GU254PL,"CIARALINN, WOODLANDS ROAD WEST, VIRGINIA WATER, GU25 4PL",CIARALINN,,WOODLANDS ROAD WEST,,VIRGINIA WATER,GU25 4PL,Runnymede,Detached,wentworth-estate,Wentworth Estate,A,traditional_private_estate,pe:wentworth-estate:woodlands-road-west:whole,surrey-private-estates-2026-07-22-corrected-6,verified,partial_ready,3918000,2007-12-20,runnymede-wentworth,A
lr-7f71fd255d25c5389d26,property:ROBINSWOOD PORTNALL RISE VIRGINIA WATER GU25 4JZ|GU254JZ,"ROBINSWOOD, PORTNALL RISE, VIRGINIA WATER, GU25 4JZ",ROBINSWOOD,,PORTNALL RISE,,VIRGINIA WATER,GU25 4JZ,Runnymede,Detached,wentworth-estate,Wentworth Estate,A,traditional_private_estate,pe:wentworth-estate:portnall-rise:whole,surrey-private-estates-2026-07-22-corrected-6,verified,partial_ready,2650000,2007-12-20,runnymede-wentworth,A
lr-7d946fcc184bf57cda9e,property:4 LEYS ROAD OXSHOTT LEATHERHEAD KT22 0QE|KT220QE,"4, LEYS ROAD, OXSHOTT, LEATHERHEAD, KT22 0QE",4,,LEYS ROAD,OXSHOTT,LEATHERHEAD,KT22 0QE,Elmbridge,Detached,crown-estate-oxshott,"Crown Estate, Oxshott",A,traditional_private_estate,pe:crown-estate-oxshott:leys-road:whole,surrey-private-estates-2026-07-22-corrected-6,verified_multi_source,partial_ready,2200000,2007-12-20,elmbridge-prime,A
lr-131d9fb2936f564b7656,property:CULLEN HOUSE CAMP END ROAD WEYBRIDGE KT13 0NR|KT130NR,"CULLEN HOUSE, CAMP END ROAD, WEYBRIDGE, KT13 0NR",CULLEN HOUSE,,CAMP END ROAD,,WEYBRIDGE,KT13 0NR,Elmbridge,Detached,st-georges-hill,St George's Hill,A,traditional_private_estate,pe:st-georges-hill:camp-end-road:whole,surrey-private-estates-2026-07-22-corrected-6,verified,partial_ready,4000000,2007-12-19,elmbridge-prime,A
lr-85f228097cc8fb026233,property:WENTWORTH GATE EAST DRIVE VIRGINIA WATER GU25 4JY|GU254JY,"WENTWORTH GATE, EAST DRIVE, VIRGINIA WATER, GU25 4JY",WENTWORTH GATE,,EAST DRIVE,,VIRGINIA WATER,GU25 4JY,Runnymede,Detached,wentworth-estate,Wentworth Estate,A,traditional_private_estate,pe:wentworth-estate:east-drive:whole,surrey-private-estates-2026-07-22-corrected-6,verified,partial_ready,3500000,2007-12-19,runnymede-wentworth,A
lr-ed6577500e82da9ba03d,property:19 THE BARTON COBHAM KT11 2NJ|KT112NJ,"19, THE BARTON, COBHAM, KT11 2NJ",19,,THE BARTON,,COBHAM,KT11 2NJ,Elmbridge,Detached,,,,,,surrey-private-estates-2026-07-22-corrected-6,,,2797180,2007-12-19,elmbridge-prime,A
lr-ead9a67cffa5e52675b0,property:WINTER PALACE RIDGEMEAD ROAD ENGLEFIELD GREEN EGHAM TW20 0YG|TW200YG,"WINTER PALACE, RIDGEMEAD ROAD, ENGLEFIELD GREEN, EGHAM, TW20 0YG",WINTER PALACE,,RIDGEMEAD ROAD,ENGLEFIELD GREEN,EGHAM,TW20 0YG,Runnymede,Detached,,,,,,surrey-private-estates-2026-07-22-corrected-6,,,3600000,2007-12-18,runnymede-wentworth,A
lr-f82c9828f2b2160a8ac5,property:MELROSE LOGMORE LANE WESTCOTT DORKING RH4 3JY|RH43JY,"MELROSE, LOGMORE LANE, WESTCOTT, DORKING, RH4 3JY",MELROSE,,LOGMORE LANE,WESTCOTT,DORKING,RH4 3JY,Mole Valley,Detached,,,,,,surrey-private-estates-2026-07-22-corrected-6,,,2200000,2007-12-17,mole-valley,A
lr-b1437915d4c810b10f7f,property:CLIFDEN STOKESHEATH ROAD OXSHOTT LEATHERHEAD KT22 0PN|KT220PN,"CLIFDEN, STOKESHEATH ROAD, OXSHOTT, LEATHERHEAD, KT22 0PN",CLIFDEN,,STOKESHEATH ROAD,OXSHOTT,LEATHERHEAD,KT22 0PN,Elmbridge,Detached,crown-estate-oxshott,"Crown Estate, Oxshott",A,traditional_private_estate,pe:crown-estate-oxshott:stokesheath-road:whole,surrey-private-estates-2026-07-22-corrected-6,verified_multi_source,partial_ready,3900000,2007-12-14,elmbridge-prime,A
lr-59bf8dfe57457d2c0875,property:23 BURSTEAD CLOSE COBHAM KT11 2NL|KT112NL,"23, BURSTEAD CLOSE, COBHAM, KT11 2NL",23,,BURSTEAD CLOSE,,COBHAM,KT11 2NL,Elmbridge,Detached,,,,,,surrey-private-estates-2026-07-22-corrected-6,,,2710000,2007-12-14,elmbridge-prime,A
lr-7b7923828c920343824e,property:16 GOLDRINGS ROAD OXSHOTT LEATHERHEAD KT22 0QR|KT220QR,"16, GOLDRINGS ROAD, OXSHOTT, LEATHERHEAD, KT22 0QR",16,,GOLDRINGS ROAD,OXSHOTT,LEATHERHEAD,KT22 0QR,Elmbridge,Detached,,,,,,surrey-private-estates-2026-07-22-corrected-6,,,2650000,2007-12-14,elmbridge-prime,A
lr-143314a961a43824baad,property:JOKERS MOON DUNGATES LANE BUCKLAND BETCHWORTH RH3 7BD|RH37BD,"JOKERS MOON, DUNGATES LANE, BUCKLAND, BETCHWORTH, RH3 7BD",JOKERS MOON,,DUNGATES LANE,BUCKLAND,BETCHWORTH,RH3 7BD,Mole Valley,Detached,,,,,,surrey-private-estates-2026-07-22-corrected-6,,,2170000,2007-12-14,mole-valley,A
lr-730b74804cea19769ce3,property:CENTURION HOUSE WEST ROAD WEYBRIDGE KT13 0LZ|KT130LZ,"CENTURION HOUSE, WEST ROAD, WEYBRIDGE, KT13 0LZ",CENTURION HOUSE,,WEST ROAD,,WEYBRIDGE,KT13 0LZ,Elmbridge,Detached,st-georges-hill,St George's Hill,A,traditional_private_estate,pe:st-georges-hill:west-road:whole,surrey-private-estates-2026-07-22-corrected-6,verified,partial_ready,4225000,2007-12-11,elmbridge-prime,A
lr-a47dea84f9c6f453e8ad,property:UPPER SYDENHURST MILL LANE CHIDDINGFOLD GODALMING GU8 4SJ|GU84SJ,"UPPER SYDENHURST, MILL LANE, CHIDDINGFOLD, GODALMING, GU8 4SJ",UPPER SYDENHURST,,MILL LANE,CHIDDINGFOLD,GODALMING,GU8 4SJ,Waverley,Detached,,,,,,surrey-private-estates-2026-07-22-corrected-6,,,3900000,2007-12-07,waverley-south-surrey,A
lr-d51c97ae722c85b1248e,property:BROOK HILL AMLETS LANE CRANLEIGH GU6 7DH|GU67DH,"BROOK HILL, AMLETS LANE, CRANLEIGH, GU6 7DH",BROOK HILL,,AMLETS LANE,,CRANLEIGH,GU6 7DH,Waverley,Detached,,,,,,surrey-private-estates-2026-07-22-corrected-6,,,3300000,2007-12-06,waverley-south-surrey,A
lr-a3d2d866e7c8328a0a56,property:HAWTHORNHILL GRANVILLE ROAD WEYBRIDGE KT13 0QG|KT130QG,"HAWTHORNHILL, GRANVILLE ROAD, WEYBRIDGE, KT13 0QG",HAWTHORNHILL,,GRANVILLE ROAD,,WEYBRIDGE,KT13 0QG,Elmbridge,Detached,st-georges-hill,St George's Hill,A,traditional_private_estate,pe:st-georges-hill:granville-road:whole,surrey-private-estates-2026-07-22-corrected-6,verified,partial_ready,2950000,2007-12-05,elmbridge-prime,A
lr-ca38407afcbcb2864285,property:LITTLE HILL PORTNALL ROAD VIRGINIA WATER GU25 4NZ|GU254NZ,"LITTLE HILL, PORTNALL ROAD, VIRGINIA WATER, GU25 4NZ",LITTLE HILL,,PORTNALL ROAD,,VIRGINIA WATER,GU25 4NZ,Runnymede,Detached,,,,,,surrey-private-estates-2026-07-22-corrected-6,,,6500000,2007-11-30,runnymede-wentworth,A
lr-36367e98a7851fe9ea93,property:LONG RIDGE WEST DRIVE VIRGINIA WATER GU25 4LY|GU254LY,"LONG RIDGE, WEST DRIVE, VIRGINIA WATER, GU25 4LY",LONG RIDGE,,WEST DRIVE,,VIRGINIA WATER,GU25 4LY,Runnymede,Detached,wentworth-estate,Wentworth Estate,A,traditional_private_estate,pe:wentworth-estate:west-drive:whole,surrey-private-estates-2026-07-22-corrected-6,verified,partial_ready,3500000,2007-11-16,runnymede-wentworth,A
lr-96afb3dfd5b0ffd262a2,property:TILLAR 17 BEACONSFIELD ROAD CLAYGATE ESHER KT10 0PN|KT100PN,"TILLAR, 17, BEACONSFIELD ROAD, CLAYGATE, ESHER, KT10 0PN","TILLAR, 17",,BEACONSFIELD ROAD,CLAYGATE,ESHER,KT10 0PN,Elmbridge,Detached,,,,,,surrey-private-estates-2026-07-22-corrected-6,,,2150000,2007-11-16,elmbridge-prime,A
lr-71c470d4d106d0c57132,property:CHESTER GATE 20 BADGERS HILL VIRGINIA WATER GU25 4SA|GU254SA,"CHESTER GATE, 20, BADGERS HILL, VIRGINIA WATER, GU25 4SA","CHESTER GATE, 20",,BADGERS HILL,,VIRGINIA WATER,GU25 4SA,Runnymede,Detached,wentworth-estate,Wentworth Estate,A,traditional_private_estate,pe:wentworth-estate:badgers-hill:whole,surrey-private-estates-2026-07-22-corrected-6,verified,partial_ready,3600000,2007-11-09,runnymede-wentworth,A
lr-96821253f322c6fcb6b8,property:SOMERSBY PORTNALL DRIVE VIRGINIA WATER GU25 4NN|GU254NN,"SOMERSBY, PORTNALL DRIVE, VIRGINIA WATER, GU25 4NN",SOMERSBY,,PORTNALL DRIVE,,VIRGINIA WATER,GU25 4NN,Runnymede,Detached,wentworth-estate,Wentworth Estate,A,traditional_private_estate,pe:wentworth-estate:portnall-drive:whole,surrey-private-estates-2026-07-22-corrected-6,verified,partial_ready,2800000,2007-11-09,runnymede-wentworth,A
lr-1d9e87a56ea0e201443e,property:HILL COTTAGE COCKCROW HILL LONG DITTON SURBITON KT6 5HE|KT65HE,"HILL COTTAGE, COCKCROW HILL, LONG DITTON, SURBITON, KT6 5HE",HILL COTTAGE,,COCKCROW HILL,LONG DITTON,SURBITON,KT6 5HE,Elmbridge,Detached,,,,,,surrey-private-estates-2026-07-22-corrected-6,,,2207730,2007-11-07,elmbridge-prime,A
lr-737f1d80c8a11059b637,property:4 EATON PARK COBHAM KT11 2JE|KT112JE,"4, EATON PARK, COBHAM, KT11 2JE",4,,EATON PARK,,COBHAM,KT11 2JE,Elmbridge,Detached,eaton-park,Eaton Park,A,traditional_private_estate,pe:eaton-park:eaton-park:whole,surrey-private-estates-2026-07-22-corrected-6,verified,ready,2400000,2007-10-31,elmbridge-prime,A
lr-d9305fd0e09d7befaa27,property:19 OXSHOTT RISE COBHAM KT11 2RW|KT112RW,"19, OXSHOTT RISE, COBHAM, KT11 2RW",19,,OXSHOTT RISE,,COBHAM,KT11 2RW,Elmbridge,Detached,oxshott-way-estate,Oxshott Way Estate,A,traditional_private_estate,pe:oxshott-way-estate:oxshott-rise:whole,surrey-private-estates-2026-07-22-corrected-6,verified,ready,2265000,2007-10-30,elmbridge-prime,A
lr-4b5a44c4d8f6779a8fed,property:3 HOME FARM CLOSE ESHER KT10 9HA|KT109HA,"3, HOME FARM CLOSE, ESHER, KT10 9HA",3,,HOME FARM CLOSE,,ESHER,KT10 9HA,Elmbridge,Detached,,,,,,surrey-private-estates-2026-07-22-corrected-6,,,2800000,2007-10-26,elmbridge-prime,A
lr-6bddca60659ee059905c,property:DRUMMOND HOUSE NORWOOD HILL HORLEY RH6 0ET|RH60ET,"DRUMMOND HOUSE, NORWOOD HILL, HORLEY, RH6 0ET",DRUMMOND HOUSE,,NORWOOD HILL,,HORLEY,RH6 0ET,Mole Valley,Detached,,,,,,surrey-private-estates-2026-07-22-corrected-6,,,2700000,2007-10-26,mole-valley,A
lr-2a3c4f9b044214d262d0,property:25 WARWICKS BENCH GUILDFORD GU1 3TF|GU13TF,"25, WARWICKS BENCH, GUILDFORD, GU1 3TF",25,,WARWICKS BENCH,,GUILDFORD,GU1 3TF,Guildford,Detached,,,,,,surrey-private-estates-2026-07-22-corrected-6,,,3155000,2007-10-25,guildford-district,A
lr-30599440d02b50cbf739,property:3 WOODSIDE ROAD COBHAM KT11 2QR|KT112QR,"3, WOODSIDE ROAD, COBHAM, KT11 2QR",3,,WOODSIDE ROAD,,COBHAM,KT11 2QR,Elmbridge,Detached,,,,,,surrey-private-estates-2026-07-22-corrected-6,,,2250000,2007-10-24,elmbridge-prime,A
lr-5a725e70ae05c392991f,property:HURTMORE HOUSE ELSTEAD ROAD SHACKLEFORD GODALMING GU8 6AY|GU86AY,"HURTMORE HOUSE, ELSTEAD ROAD, SHACKLEFORD, GODALMING, GU8 6AY",HURTMORE HOUSE,,ELSTEAD ROAD,SHACKLEFORD,GODALMING,GU8 6AY,Guildford,Detached,,,,,,surrey-private-estates-2026-07-22-corrected-6,,,3550000,2007-10-19,guildford-district,A
lr-392766d59a147d988563,property:10 ICKLINGHAM ROAD COBHAM KT11 2NG|KT112NG,"10, ICKLINGHAM ROAD, COBHAM, KT11 2NG",10,,ICKLINGHAM ROAD,,COBHAM,KT11 2NG,Elmbridge,Detached,,,,,,surrey-private-estates-2026-07-22-corrected-6,,,3250000,2007-10-19,elmbridge-prime,A
lr-80b0192ef3180246b1c4,property:FAIRWAYS WEST MILES LANE COBHAM KT11 2EA|KT112EA,"FAIRWAYS WEST, MILES LANE, COBHAM, KT11 2EA",FAIRWAYS WEST,,MILES LANE,,COBHAM,KT11 2EA,Elmbridge,Detached,,,,,,surrey-private-estates-2026-07-22-corrected-6,,,2250000,2007-10-19,elmbridge-prime,A
lr-6a494d21f26215f9a9db,property:12 SANDOWN ROAD ESHER KT10 9TU|KT109TU,"12, SANDOWN ROAD, ESHER, KT10 9TU",12,,SANDOWN ROAD,,ESHER,KT10 9TU,Elmbridge,Detached,,,,,,surrey-private-estates-2026-07-22-corrected-6,,,2000000,2007-10-15,elmbridge-prime,A
lr-a833c5a8dad3e068c16c,property:ROBIN HILL HEATHERSIDE DRIVE VIRGINIA WATER GU25 4JU|GU254JU,"ROBIN HILL, HEATHERSIDE DRIVE, VIRGINIA WATER, GU25 4JU",ROBIN HILL,,HEATHERSIDE DRIVE,,VIRGINIA WATER,GU25 4JU,Runnymede,Detached,wentworth-estate,Wentworth Estate,A,traditional_private_estate,pe:wentworth-estate:heatherside-drive:whole,surrey-private-estates-2026-07-22-corrected-6,verified,partial_ready,5000000,2007-10-09,runnymede-wentworth,A
lr-daf3b778b032ad25ec66,property:4 BROOKFIELD PLACE COBHAM KT11 2BY|KT112BY,"4, BROOKFIELD PLACE, COBHAM, KT11 2BY",4,,BROOKFIELD PLACE,,COBHAM,KT11 2BY,Elmbridge,Detached,,,,,,surrey-private-estates-2026-07-22-corrected-6,,,2100000,2007-10-08,elmbridge-prime,A
lr-63c8da9c3fec2b260840,property:KALSI HOUSE CHRISTCHURCH ROAD VIRGINIA WATER GU25 4RW|GU254RW,"KALSI HOUSE, CHRISTCHURCH ROAD, VIRGINIA WATER, GU25 4RW",KALSI HOUSE,,CHRISTCHURCH ROAD,,VIRGINIA WATER,GU25 4RW,Runnymede,Detached,,,,,,surrey-private-estates-2026-07-22-corrected-6,,,4200000,2007-10-05,runnymede-wentworth,A
lr-0e6ff413e3857572ac0c,property:FLAGSTAFF HOUSE SEVEN HILLS ROAD WALTON ON THAMES KT12 4DE|KT124DE,"FLAGSTAFF HOUSE, SEVEN HILLS ROAD, WALTON-ON-THAMES, KT12 4DE",FLAGSTAFF HOUSE,,SEVEN HILLS ROAD,,WALTON-ON-THAMES,KT12 4DE,Elmbridge,Detached,,,,,,surrey-private-estates-2026-07-22-corrected-6,,,6250000,2007-10-03,elmbridge-prime,A
lr-dfea769bd37aca79d0bb,property:WIDEWOODS HORSHAM LANE EWHURST CRANLEIGH GU6 7SW|GU67SW,"WIDEWOODS, HORSHAM LANE, EWHURST, CRANLEIGH, GU6 7SW",WIDEWOODS,,HORSHAM LANE,EWHURST,CRANLEIGH,GU6 7SW,Waverley,Detached,,,,,,surrey-private-estates-2026-07-22-corrected-6,,,5000000,2007-10-03,waverley-south-surrey,A
lr-68feacb5118cdb66a8c7,property:PRINCES HOUSE MOLES HILL OXSHOTT LEATHERHEAD KT22 0QB|KT220QB,"PRINCES HOUSE, MOLES HILL, OXSHOTT, LEATHERHEAD, KT22 0QB",PRINCES HOUSE,,MOLES HILL,OXSHOTT,LEATHERHEAD,KT22 0QB,Elmbridge,Detached,crown-estate-oxshott,"Crown Estate, Oxshott",A,traditional_private_estate,pe:crown-estate-oxshott:moles-hill:whole,surrey-private-estates-2026-07-22-corrected-6,verified_multi_source,partial_ready,2225000,2007-10-03,elmbridge-prime,A
lr-11d8edc685ec2b2acd58,property:KNIGHTS COURT WHITE KNIGHTS ROAD WEYBRIDGE KT13 0JS|KT130JS,"KNIGHTS COURT, WHITE KNIGHTS ROAD, WEYBRIDGE, KT13 0JS",KNIGHTS COURT,,WHITE KNIGHTS ROAD,,WEYBRIDGE,KT13 0JS,Elmbridge,Detached,st-georges-hill,St George's Hill,A,traditional_private_estate,pe:st-georges-hill:white-knights-road:whole,surrey-private-estates-2026-07-22-corrected-6,verified,partial_ready,3550000,2007-09-28,elmbridge-prime,A
lr-bfc48bbb8adb858fcd90,property:FLINT HOUSE THE RIDGE WOLDINGHAM CATERHAM CR3 7AN|CR37AN,"FLINT HOUSE, THE RIDGE, WOLDINGHAM, CATERHAM, CR3 7AN",FLINT HOUSE,,THE RIDGE,WOLDINGHAM,CATERHAM,CR3 7AN,Tandridge,Detached,,,,,,surrey-private-estates-2026-07-22-corrected-6,,,3000000,2007-09-28,tandridge-oxted,A
lr-ba4ee8a5ac8d3da8e9dc,property:19 INCE ROAD HERSHAM WALTON ON THAMES KT12 5BJ|KT125BJ,"19, INCE ROAD, HERSHAM, WALTON-ON-THAMES, KT12 5BJ",19,,INCE ROAD,HERSHAM,WALTON-ON-THAMES,KT12 5BJ,Elmbridge,Detached,burwood-park,Burwood Park,A,traditional_private_estate,pe:burwood-park:ince-road:whole,surrey-private-estates-2026-07-22-corrected-6,verified,ready,2225000,2007-09-28,elmbridge-prime,A
lr-160825aa3755b4b3ea76,property:17 SPICERS FIELD OXSHOTT LEATHERHEAD KT22 0UT|KT220UT,"17, SPICERS FIELD, OXSHOTT, LEATHERHEAD, KT22 0UT",17,,SPICERS FIELD,OXSHOTT,LEATHERHEAD,KT22 0UT,Elmbridge,Detached,crown-estate-oxshott,"Crown Estate, Oxshott",A,traditional_private_estate,pe:crown-estate-oxshott:spicers-field:whole,surrey-private-estates-2026-07-22-corrected-6,verified_multi_source,partial_ready,2100000,2007-09-28,elmbridge-prime,A
lr-16665e7ed349407f1748,property:BOROUGH FARM COTTAGE PORTSMOUTH ROAD MILFORD GODALMING GU8 5JY|GU85JY,"BOROUGH FARM COTTAGE, PORTSMOUTH ROAD, MILFORD, GODALMING, GU8 5JY",BOROUGH FARM COTTAGE,,PORTSMOUTH ROAD,MILFORD,GODALMING,GU8 5JY,Waverley,Detached,,,,,,surrey-private-estates-2026-07-22-corrected-6,,,2000000,2007-09-28,waverley-south-surrey,A
lr-8828a58e88c0ed5bb3a7,property:25 BROOK FARM ROAD COBHAM KT11 3AX|KT113AX,"25, BROOK FARM ROAD, COBHAM, KT11 3AX",25,,BROOK FARM ROAD,,COBHAM,KT11 3AX,Elmbridge,Detached,,,,,,surrey-private-estates-2026-07-22-corrected-6,,,2000000,2007-09-28,elmbridge-prime,A
lr-16b84f06c5e56d6808f9,property:HEATHERDALE SOUTH ROAD ST GEORGES HILL WEYBRIDGE KT13 0NA|KT130NA,"HEATHERDALE, SOUTH ROAD, ST GEORGES HILL, WEYBRIDGE, KT13 0NA",HEATHERDALE,,SOUTH ROAD,ST GEORGES HILL,WEYBRIDGE,KT13 0NA,Elmbridge,Detached,st-georges-hill,St George's Hill,A,traditional_private_estate,pe:st-georges-hill:south-road:whole,surrey-private-estates-2026-07-22-corrected-6,verified,partial_ready,3040000,2007-09-27,elmbridge-prime,A
lr-5c1af3cbfb1ae7783a2c,property:PLOT 1 MARK WAY GODALMING GU7 2BE|GU72BE,"PLOT 1, MARK WAY, GODALMING, GU7 2BE",PLOT 1,,MARK WAY,,GODALMING,GU7 2BE,Waverley,Detached,,,,,,surrey-private-estates-2026-07-22-corrected-6,,,2016052,2007-09-27,waverley-south-surrey,A
lr-0fa2a91bb3de991ab987,property:THE COACH HOUSE SUNNINGHILL ROAD WINDLESHAM GU20 6PP|GU206PP,"THE COACH HOUSE, SUNNINGHILL ROAD, WINDLESHAM, GU20 6PP",THE COACH HOUSE,,SUNNINGHILL ROAD,,WINDLESHAM,GU20 6PP,Surrey Heath,Detached,,,,,,surrey-private-estates-2026-07-22-corrected-6,,,2350000,2007-09-26,surrey-heath,A
lr-e235190a58998de43fde,property:HYDON END FEATHERCOMBE LANE HAMBLEDON GODALMING GU8 4DP|GU84DP,"HYDON END, FEATHERCOMBE LANE, HAMBLEDON, GODALMING, GU8 4DP",HYDON END,,FEATHERCOMBE LANE,HAMBLEDON,GODALMING,GU8 4DP,Waverley,Detached,,,,,,surrey-private-estates-2026-07-22-corrected-6,,,7250000,2007-09-21,waverley-south-surrey,A
lr-e80e6f61ef8008872850,property:10 NEW ROAD ESHER KT10 9PG|KT109PG,"10, NEW ROAD, ESHER, KT10 9PG",10,,NEW ROAD,,ESHER,KT10 9PG,Elmbridge,Detached,,,,,,surrey-private-estates-2026-07-22-corrected-6,,,2320000,2007-09-19,elmbridge-prime,A
lr-c7f173486f15cbf2cb1c,property:THE CEDARS JUMPS ROAD CHURT FARNHAM GU10 2LD|GU102LD,"THE CEDARS, JUMPS ROAD, CHURT, FARNHAM, GU10 2LD",THE CEDARS,,JUMPS ROAD,CHURT,FARNHAM,GU10 2LD,Waverley,Detached,,,,,,surrey-private-estates-2026-07-22-corrected-6,,,2000000,2007-09-18,waverley-south-surrey,A
lr-9af6ae6b574934219cf5,property:SANDLEA HOUSE SANDPIT HALL ROAD CHOBHAM WOKING GU24 8HA|GU248HA,"SANDLEA HOUSE, SANDPIT HALL ROAD, CHOBHAM, WOKING, GU24 8HA",SANDLEA HOUSE,,SANDPIT HALL ROAD,CHOBHAM,WOKING,GU24 8HA,Surrey Heath,Detached,,,,,,surrey-private-estates-2026-07-22-corrected-6,,,3090000,2007-09-14,surrey-heath,A
lr-4f891b75a53a2bcf94c1,property:HEPBURN HOUSE 13 EATON PARK ROAD COBHAM KT11 2JJ|KT112JJ,"HEPBURN HOUSE, 13, EATON PARK ROAD, COBHAM, KT11 2JJ","HEPBURN HOUSE, 13",,EATON PARK ROAD,,COBHAM,KT11 2JJ,Elmbridge,Detached,eaton-park,Eaton Park,A,traditional_private_estate,pe:eaton-park:eaton-park-road:whole,surrey-private-estates-2026-07-22-corrected-6,verified,ready,2500000,2007-09-13,elmbridge-prime,A
lr-cdadea640b59b25daeaf,property:36 MIZEN WAY COBHAM KT11 2RH|KT112RH,"36, MIZEN WAY, COBHAM, KT11 2RH",36,,MIZEN WAY,,COBHAM,KT11 2RH,Elmbridge,Detached,oxshott-way-estate,Oxshott Way Estate,A,traditional_private_estate,pe:oxshott-way-estate:mizen-way:whole,surrey-private-estates-2026-07-22-corrected-6,verified,ready,2125000,2007-09-13,elmbridge-prime,A
lr-de4f07d0dc39fdbc0f9a,property:OAKSHADE HEIGHTS STOKESHEATH ROAD OXSHOTT LEATHERHEAD KT22 0QB|KT220QB,"OAKSHADE HEIGHTS, STOKESHEATH ROAD, OXSHOTT, LEATHERHEAD, KT22 0QB",OAKSHADE HEIGHTS,,STOKESHEATH ROAD,OXSHOTT,LEATHERHEAD,KT22 0QB,Elmbridge,Detached,crown-estate-oxshott,"Crown Estate, Oxshott",A,traditional_private_estate,pe:crown-estate-oxshott:stokesheath-road:whole,surrey-private-estates-2026-07-22-corrected-6,verified_multi_source,partial_ready,2475000,2007-09-12,elmbridge-prime,A
lr-e4c5beaae5031c9804bb,property:PUCK HILL CHURCH LANE WITLEY GODALMING GU8 5PW|GU85PW,"PUCK HILL, CHURCH LANE, WITLEY, GODALMING, GU8 5PW",PUCK HILL,,CHURCH LANE,WITLEY,GODALMING,GU8 5PW,Waverley,Detached,,,,,,surrey-private-estates-2026-07-22-corrected-6,,,2175000,2007-09-12,waverley-south-surrey,A
lr-28ba307f691359e8ed38,property:CHINTHURST COURT CHINTHURST LANE BRAMLEY GUILDFORD GU5 0DR|GU50DR,"CHINTHURST COURT, CHINTHURST LANE, BRAMLEY, GUILDFORD, GU5 0DR",CHINTHURST COURT,,CHINTHURST LANE,BRAMLEY,GUILDFORD,GU5 0DR,Guildford,Detached,,,,,,surrey-private-estates-2026-07-22-corrected-6,,,2150000,2007-09-12,guildford-district,A
lr-4b6e62b4622c826363ed,property:WEST END HOUSE WEST END LANE FRENSHAM FARNHAM GU10 3EP|GU103EP,"WEST END HOUSE, WEST END LANE, FRENSHAM, FARNHAM, GU10 3EP",WEST END HOUSE,,WEST END LANE,FRENSHAM,FARNHAM,GU10 3EP,Waverley,Detached,,,,,,surrey-private-estates-2026-07-22-corrected-6,,,4500000,2007-09-10,waverley-south-surrey,A
lr-1669664f6a1e10b594d7,property:45 BROADWATER ROAD SOUTH HERSHAM WALTON ON THAMES KT12 5DE|KT125DE,"45, BROADWATER ROAD SOUTH, HERSHAM, WALTON-ON-THAMES, KT12 5DE",45,,BROADWATER ROAD SOUTH,HERSHAM,WALTON-ON-THAMES,KT12 5DE,Elmbridge,Detached,burwood-park,Burwood Park,A,traditional_private_estate,pe:burwood-park:broadwater-road-south:whole,surrey-private-estates-2026-07-22-corrected-6,verified,ready,2350000,2007-09-10,elmbridge-prime,A
lr-d7f4410b6c0642857863,property:WARREN KEEP STOKESHEATH ROAD OXSHOTT LEATHERHEAD KT22 0PS|KT220PS,"WARREN KEEP, STOKESHEATH ROAD, OXSHOTT, LEATHERHEAD, KT22 0PS",WARREN KEEP,,STOKESHEATH ROAD,OXSHOTT,LEATHERHEAD,KT22 0PS,Elmbridge,Detached,crown-estate-oxshott,"Crown Estate, Oxshott",A,traditional_private_estate,pe:crown-estate-oxshott:stokesheath-road:whole,surrey-private-estates-2026-07-22-corrected-6,verified_multi_source,partial_ready,4100000,2007-09-07,elmbridge-prime,A
lr-9d40fd35b8a0b7285626,property:STABLE FLAT ELDERSLIE STANE STREET OCKLEY DORKING RH5 5TD|RH55TD,"STABLE FLAT, ELDERSLIE, STANE STREET, OCKLEY, DORKING, RH5 5TD",ELDERSLIE,STABLE FLAT,STANE STREET,OCKLEY,DORKING,RH5 5TD,Mole Valley,Detached,,,,,,surrey-private-estates-2026-07-22-corrected-6,,,2300000,2007-09-06,mole-valley,A
lr-f0e2eb3467dc4080f4ac,property:TOUCHSTONE HOUSE WARREN LANE OXSHOTT LEATHERHEAD KT22 0ST|KT220ST,"TOUCHSTONE HOUSE, WARREN LANE, OXSHOTT, LEATHERHEAD, KT22 0ST",TOUCHSTONE HOUSE,,WARREN LANE,OXSHOTT,LEATHERHEAD,KT22 0ST,Elmbridge,Detached,,,,,,surrey-private-estates-2026-07-22-corrected-6,,,2550000,2007-09-05,elmbridge-prime,A
lr-5aec70f1effcb5019c74,property:8 WARWICKS BENCH ROAD GUILDFORD GU1 3TL|GU13TL,"8, WARWICKS BENCH ROAD, GUILDFORD, GU1 3TL",8,,WARWICKS BENCH ROAD,,GUILDFORD,GU1 3TL,Guildford,Detached,,,,,,surrey-private-estates-2026-07-22-corrected-6,,,2605000,2007-08-31,guildford-district,A
lr-927a71501b116c77c38a,property:SOUTHLANDS FAIROAK LANE OXSHOTT LEATHERHEAD KT22 0TW|KT220TW,"SOUTHLANDS, FAIROAK LANE, OXSHOTT, LEATHERHEAD, KT22 0TW",SOUTHLANDS,,FAIROAK LANE,OXSHOTT,LEATHERHEAD,KT22 0TW,Elmbridge,Detached,,,,,,surrey-private-estates-2026-07-22-corrected-6,,,2400000,2007-08-31,elmbridge-prime,A
lr-593cb05bf07fd466f2ad,property:BRACKENDALE NORTH DRIVE VIRGINIA WATER GU25 4NL|GU254NL,"BRACKENDALE, NORTH DRIVE, VIRGINIA WATER, GU25 4NL",BRACKENDALE,,NORTH DRIVE,,VIRGINIA WATER,GU25 4NL,Runnymede,Detached,wentworth-estate,Wentworth Estate,A,traditional_private_estate,pe:wentworth-estate:north-drive:whole,surrey-private-estates-2026-07-22-corrected-6,verified,partial_ready,3950000,2007-08-30,runnymede-wentworth,A
lr-cb42c5f4b1769bb08f36,property:3 MANOR HOUSE DRIVE HERSHAM WALTON ON THAMES KT12 5DF|KT125DF,"3, MANOR HOUSE DRIVE, HERSHAM, WALTON-ON-THAMES, KT12 5DF",3,,MANOR HOUSE DRIVE,HERSHAM,WALTON-ON-THAMES,KT12 5DF,Elmbridge,Detached,burwood-park,Burwood Park,A,traditional_private_estate,pe:burwood-park:manor-house-drive:whole,surrey-private-estates-2026-07-22-corrected-6,verified,ready,3000000,2007-08-30,elmbridge-prime,A
lr-5c634f4ac0071def94ef,property:NORTHGATE PACHESHAM PARK LEATHERHEAD KT22 0DJ|KT220DJ,"NORTHGATE, PACHESHAM PARK, LEATHERHEAD, KT22 0DJ",NORTHGATE,,PACHESHAM PARK,,LEATHERHEAD,KT22 0DJ,Mole Valley,Detached,pachesham-park,Pachesham Park,A,traditional_private_estate,pe:pachesham-park:pachesham-park:whole,surrey-private-estates-2026-07-22-corrected-6,verified,ready,2425000,2007-08-30,mole-valley,A
lr-c4dd6b9ea948adad48fd,property:AMARA 7 ABBOTS DRIVE VIRGINIA WATER GU25 4SE|GU254SE,"AMARA, 7, ABBOTS DRIVE, VIRGINIA WATER, GU25 4SE","AMARA, 7",,ABBOTS DRIVE,,VIRGINIA WATER,GU25 4SE,Runnymede,Detached,wentworth-estate,Wentworth Estate,A,traditional_private_estate,pe:wentworth-estate:abbots-drive:whole,surrey-private-estates-2026-07-22-corrected-6,verified,partial_ready,3450000,2007-08-29,runnymede-wentworth,A
lr-c0c280d120763e1e25d0,property:OAK HOUSE FAIROAK CLOSE OXSHOTT LEATHERHEAD KT22 0TJ|KT220TJ,"OAK HOUSE, FAIROAK CLOSE, OXSHOTT, LEATHERHEAD, KT22 0TJ",OAK HOUSE,,FAIROAK CLOSE,OXSHOTT,LEATHERHEAD,KT22 0TJ,Elmbridge,Detached,crown-estate-oxshott,"Crown Estate, Oxshott",A,traditional_private_estate,pe:crown-estate-oxshott:fairoak-close:whole,surrey-private-estates-2026-07-22-corrected-6,verified_multi_source,partial_ready,3000000,2007-08-29,elmbridge-prime,A
lr-f9655ff5192dd8a207c3,property:ROSEWARNE MANOR WAY OXSHOTT LEATHERHEAD KT22 0HU|KT220HU,"ROSEWARNE, MANOR WAY, OXSHOTT, LEATHERHEAD, KT22 0HU",ROSEWARNE,,MANOR WAY,OXSHOTT,LEATHERHEAD,KT22 0HU,Elmbridge,Detached,knott-park,Knott Park,A,traditional_private_estate,pe:knott-park:manor-way:whole,surrey-private-estates-2026-07-22-corrected-6,verified,ready,2100000,2007-08-29,elmbridge-prime,A
lr-a5c437ee408b5cf7038b,property:KINGSMEAD HURTMORE ROAD HURTMORE GODALMING GU7 2RA|GU72RA,"KINGSMEAD, HURTMORE ROAD, HURTMORE, GODALMING, GU7 2RA",KINGSMEAD,,HURTMORE ROAD,HURTMORE,GODALMING,GU7 2RA,Guildford,Detached,,,,,,surrey-private-estates-2026-07-22-corrected-6,,,2750000,2007-08-24,guildford-district,A
lr-42071ca47d01c0166d29,property:RIDGEWAY FARM SAILORS LANE THURSLEY GODALMING GU8 6QP|GU86QP,"RIDGEWAY FARM, SAILORS LANE, THURSLEY, GODALMING, GU8 6QP",RIDGEWAY FARM,,SAILORS LANE,THURSLEY,GODALMING,GU8 6QP,Waverley,Detached,,,,,,surrey-private-estates-2026-07-22-corrected-6,,,2675000,2007-08-24,waverley-south-surrey,A
lr-d173667310d543513202,property:3 GREEN LANE COBHAM KT11 2NN|KT112NN,"3, GREEN LANE, COBHAM, KT11 2NN",3,,GREEN LANE,,COBHAM,KT11 2NN,Elmbridge,Detached,,,,,,surrey-private-estates-2026-07-22-corrected-6,,,2600000,2007-08-24,elmbridge-prime,A
lr-6285a2f77c9e69612d4d,property:LITTLE OAKS 3 THE BARTON COBHAM KT11 2NJ|KT112NJ,"LITTLE OAKS, 3, THE BARTON, COBHAM, KT11 2NJ","LITTLE OAKS, 3",,THE BARTON,,COBHAM,KT11 2NJ,Elmbridge,Detached,,,,,,surrey-private-estates-2026-07-22-corrected-6,,,2000000,2007-08-24,elmbridge-prime,A
lr-f25720a8626588241e04,property:HILL HOUSE 4 LONGDOWN ROAD GUILDFORD GU4 8PP|GU48PP,"HILL HOUSE, 4, LONGDOWN ROAD, GUILDFORD, GU4 8PP","HILL HOUSE, 4",,LONGDOWN ROAD,,GUILDFORD,GU4 8PP,Guildford,Detached,,,,,,surrey-private-estates-2026-07-22-corrected-6,,,2000000,2007-08-24,guildford-district,A
lr-cff390e97b14d9049403,property:FIELDHEAD HOUSE CHURCH HILL SHAMLEY GREEN GUILDFORD GU5 0UD|GU50UD,"FIELDHEAD HOUSE, CHURCH HILL, SHAMLEY GREEN, GUILDFORD, GU5 0UD",FIELDHEAD HOUSE,,CHURCH HILL,SHAMLEY GREEN,GUILDFORD,GU5 0UD,Waverley,Detached,,,,,,surrey-private-estates-2026-07-22-corrected-6,,,3250000,2007-08-23,waverley-south-surrey,A
lr-1769c53fe87efc8c3cba,property:4 SPICERS FIELD OXSHOTT LEATHERHEAD KT22 0UT|KT220UT,"4, SPICERS FIELD, OXSHOTT, LEATHERHEAD, KT22 0UT",4,,SPICERS FIELD,OXSHOTT,LEATHERHEAD,KT22 0UT,Elmbridge,Detached,crown-estate-oxshott,"Crown Estate, Oxshott",A,traditional_private_estate,pe:crown-estate-oxshott:spicers-field:whole,surrey-private-estates-2026-07-22-corrected-6,verified_multi_source,partial_ready,2800000,2007-08-23,elmbridge-prime,A
lr-3da801dbdcb70dba4970,property:BEECH HILL HOUSE RIDGEMEAD ROAD ENGLEFIELD GREEN EGHAM TW20 0YD|TW200YD,"BEECH HILL HOUSE, RIDGEMEAD ROAD, ENGLEFIELD GREEN, EGHAM, TW20 0YD",BEECH HILL HOUSE,,RIDGEMEAD ROAD,ENGLEFIELD GREEN,EGHAM,TW20 0YD,Runnymede,Semi Detached,,,,,,surrey-private-estates-2026-07-22-corrected-6,,,2400000,2007-08-23,runnymede-wentworth,A
lr-f8ef879268341ad78eed,property:BIRCHES HOUSE BIRCHES LANE GOMSHALL GUILDFORD GU5 9QR|GU59QR,"BIRCHES HOUSE, BIRCHES LANE, GOMSHALL, GUILDFORD, GU5 9QR",BIRCHES HOUSE,,BIRCHES LANE,GOMSHALL,GUILDFORD,GU5 9QR,Guildford,Detached,,,,,,surrey-private-estates-2026-07-22-corrected-6,,,2125000,2007-08-23,guildford-district,A
lr-7be72f8ada7849b6921e,property:QUEENS ACRE DOWNS LANE LEATHERHEAD KT22 8JW|KT228JW,"QUEENS ACRE, DOWNS LANE, LEATHERHEAD, KT22 8JW",QUEENS ACRE,,DOWNS LANE,,LEATHERHEAD,KT22 8JW,Mole Valley,Detached,,,,,,surrey-private-estates-2026-07-22-corrected-6,,,2050000,2007-08-20,mole-valley,A
lr-e56b5b8c075f236e4979,property:19 SPICERS FIELD OXSHOTT LEATHERHEAD KT22 0UT|KT220UT,"19, SPICERS FIELD, OXSHOTT, LEATHERHEAD, KT22 0UT",19,,SPICERS FIELD,OXSHOTT,LEATHERHEAD,KT22 0UT,Elmbridge,Detached,crown-estate-oxshott,"Crown Estate, Oxshott",A,traditional_private_estate,pe:crown-estate-oxshott:spicers-field:whole,surrey-private-estates-2026-07-22-corrected-6,verified_multi_source,partial_ready,5815000,2007-08-17,elmbridge-prime,A
lr-5acd286cae65df038afd,property:CIARALINN WOODLANDS ROAD WEST VIRGINIA WATER GU25 4PL|GU254PL,"CIARALINN, WOODLANDS ROAD WEST, VIRGINIA WATER, GU25 4PL",CIARALINN,,WOODLANDS ROAD WEST,,VIRGINIA WATER,GU25 4PL,Runnymede,Detached,wentworth-estate,Wentworth Estate,A,traditional_private_estate,pe:wentworth-estate:woodlands-road-west:whole,surrey-private-estates-2026-07-22-corrected-6,verified,partial_ready,3650000,2007-08-17,runnymede-wentworth,A
lr-965d85e5a8f729052d54,property:SUNRIDGE HOUSE SUTTON GREEN ROAD SUTTON GREEN GUILDFORD GU4 7QD|GU47QD,"SUNRIDGE HOUSE, SUTTON GREEN ROAD, SUTTON GREEN, GUILDFORD, GU4 7QD",SUNRIDGE HOUSE,,SUTTON GREEN ROAD,SUTTON GREEN,GUILDFORD,GU4 7QD,Woking,Detached,,,,,,surrey-private-estates-2026-07-22-corrected-6,,,2187500,2007-08-17,woking-district,A
lr-2c93d1634df447e24b92,property:KEEPERS FIELD FRENSHAM FARNHAM GU10 3BU|GU103BU,"KEEPERS FIELD, FRENSHAM, FARNHAM, GU10 3BU",KEEPERS FIELD,,,FRENSHAM,FARNHAM,GU10 3BU,Waverley,Detached,,,,,,surrey-private-estates-2026-07-22-corrected-6,,,2000000,2007-08-17,waverley-south-surrey,A
lr-f3f1207b7ecf9098745e,property:HIGH TREES THE CHASE OXSHOTT LEATHERHEAD KT22 0HR|KT220HR,"HIGH TREES, THE CHASE, OXSHOTT, LEATHERHEAD, KT22 0HR",HIGH TREES,,THE CHASE,OXSHOTT,LEATHERHEAD,KT22 0HR,Elmbridge,Detached,knott-park,Knott Park,A,traditional_private_estate,pe:knott-park:the-chase:segment,surrey-private-estates-2026-07-22-corrected-6,verified,ready,3100000,2007-08-15,elmbridge-prime,A
lr-08ccf44acbd5e49f07e6,property:2 SPRINGWOOD PLACE WEYBRIDGE KT13 0UB|KT130UB,"2, SPRINGWOOD PLACE, WEYBRIDGE, KT13 0UB",2,,SPRINGWOOD PLACE,,WEYBRIDGE,KT13 0UB,Elmbridge,Detached,,,,,,surrey-private-estates-2026-07-22-corrected-6,,,2225000,2007-08-15,elmbridge-prime,A
lr-e2bdf50688e405533fc9,property:BRACKEN HOUSE WOODLANDS ROAD WEST VIRGINIA WATER GU25 4PL|GU254PL,"BRACKEN HOUSE, WOODLANDS ROAD WEST, VIRGINIA WATER, GU25 4PL",BRACKEN HOUSE,,WOODLANDS ROAD WEST,,VIRGINIA WATER,GU25 4PL,Runnymede,Detached,wentworth-estate,Wentworth Estate,A,traditional_private_estate,pe:wentworth-estate:woodlands-road-west:whole,surrey-private-estates-2026-07-22-corrected-6,verified,partial_ready,5250000,2007-08-14,runnymede-wentworth,A
lr-cd44a23c52f2d217fc63,property:87 HEATH RISE VIRGINIA WATER GU25 4AX|GU254AX,"87, HEATH RISE, VIRGINIA WATER, GU25 4AX",87,,HEATH RISE,,VIRGINIA WATER,GU25 4AX,Runnymede,Detached,,,,,,surrey-private-estates-2026-07-22-corrected-6,,,2650000,2007-08-14,runnymede-wentworth,A
lr-ac65a95af15ac9734dde,property:NORTHWOOD HOUSE GUILDFORD ROAD OTTERSHAW CHERTSEY KT16 0PB|KT160PB,"NORTHWOOD HOUSE, GUILDFORD ROAD, OTTERSHAW, CHERTSEY, KT16 0PB",NORTHWOOD HOUSE,,GUILDFORD ROAD,OTTERSHAW,CHERTSEY,KT16 0PB,Runnymede,Detached,,,,,,surrey-private-estates-2026-07-22-corrected-6,,,2000000,2007-08-13,runnymede-wentworth,A
lr-7934e8c328c7f769ad95,property:DOWNLANDS WOOD LANE SEALE FARNHAM GU10 1HB|GU101HB,"DOWNLANDS, WOOD LANE, SEALE, FARNHAM, GU10 1HB",DOWNLANDS,,WOOD LANE,SEALE,FARNHAM,GU10 1HB,Guildford,Detached,,,,,,surrey-private-estates-2026-07-22-corrected-6,,,2000000,2007-08-13,guildford-district,A
lr-3bd2fc4f3282b76f5d08,property:SAMPLE OAK SAMPLE OAK LANE CHILWORTH GUILDFORD GU4 8QR|GU48QR,"SAMPLE OAK, SAMPLE OAK LANE, CHILWORTH, GUILDFORD, GU4 8QR",SAMPLE OAK,,SAMPLE OAK LANE,CHILWORTH,GUILDFORD,GU4 8QR,Guildford,Detached,,,,,,surrey-private-estates-2026-07-22-corrected-6,,,2000000,2007-08-08,guildford-district,A
lr-f801a6ce61183f748e65,property:23 MATHAM ROAD EAST MOLESEY KT8 0SX|KT80SX,"23, MATHAM ROAD, EAST MOLESEY, KT8 0SX",23,,MATHAM ROAD,,EAST MOLESEY,KT8 0SX,Elmbridge,Detached,,,,,,surrey-private-estates-2026-07-22-corrected-6,,,2750000,2007-08-03,elmbridge-prime,A
lr-11a2134aca07c2dd97ab,property:FAIRWAYS MILES LANE COBHAM KT11 2EA|KT112EA,"FAIRWAYS, MILES LANE, COBHAM, KT11 2EA",FAIRWAYS,,MILES LANE,,COBHAM,KT11 2EA,Elmbridge,Detached,,,,,,surrey-private-estates-2026-07-22-corrected-6,,,2100000,2007-08-03,elmbridge-prime,A
lr-735645f7f4aa5f7ea804,property:LANSDOWNE HOUND HOUSE ROAD SHERE GUILDFORD GU5 9JJ|GU59JJ,"LANSDOWNE, HOUND HOUSE ROAD, SHERE, GUILDFORD, GU5 9JJ",LANSDOWNE,,HOUND HOUSE ROAD,SHERE,GUILDFORD,GU5 9JJ,Guildford,Detached,,,,,,surrey-private-estates-2026-07-22-corrected-6,,,2500000,2007-07-31,guildford-district,A
lr-423d386e1c59ec8b2a29,property:MONTANA KINGS DRIVE HERSHAM WALTON ON THAMES KT12 4BA|KT124BA,"MONTANA, KINGS DRIVE, HERSHAM, WALTON-ON-THAMES, KT12 4BA",MONTANA,,KINGS DRIVE,HERSHAM,WALTON-ON-THAMES,KT12 4BA,Elmbridge,Detached,,,,,,surrey-private-estates-2026-07-22-corrected-6,,,2200000,2007-07-31,elmbridge-prime,A
lr-26c8b1487e71fb03f059,property:7 OXSHOTT RISE COBHAM KT11 2RW|KT112RW,"7, OXSHOTT RISE, COBHAM, KT11 2RW",7,,OXSHOTT RISE,,COBHAM,KT11 2RW,Elmbridge,Detached,oxshott-way-estate,Oxshott Way Estate,A,traditional_private_estate,pe:oxshott-way-estate:oxshott-rise:whole,surrey-private-estates-2026-07-22-corrected-6,verified,ready,2050000,2007-07-31,elmbridge-prime,A
lr-aeb1218393bffef759f5,property:BOURNE VIEW 2 KEEPERS WALK VIRGINIA WATER GU25 4RU|GU254RU,"BOURNE VIEW, 2, KEEPERS WALK, VIRGINIA WATER, GU25 4RU","BOURNE VIEW, 2",,KEEPERS WALK,,VIRGINIA WATER,GU25 4RU,Runnymede,Detached,,,,,,surrey-private-estates-2026-07-22-corrected-6,,,2750000,2007-07-30,runnymede-wentworth,A
lr-c1e82604ae85f7533ccb,property:8 BIRDS HILL ROAD OXSHOTT LEATHERHEAD KT22 0NJ|KT220NJ,"8, BIRDS HILL ROAD, OXSHOTT, LEATHERHEAD, KT22 0NJ",8,,BIRDS HILL ROAD,OXSHOTT,LEATHERHEAD,KT22 0NJ,Elmbridge,Detached,crown-estate-oxshott,"Crown Estate, Oxshott",A,traditional_private_estate,pe:crown-estate-oxshott:birds-hill-road:whole,surrey-private-estates-2026-07-22-corrected-6,verified_multi_source,partial_ready,2650000,2007-07-30,elmbridge-prime,A
lr-079b98215d4476e11c35,property:COURT HEATH CHURCH LANE WORPLESDON GUILDFORD GU3 3RU|GU33RU,"COURT HEATH, CHURCH LANE, WORPLESDON, GUILDFORD, GU3 3RU",COURT HEATH,,CHURCH LANE,WORPLESDON,GUILDFORD,GU3 3RU,Guildford,Detached,,,,,,surrey-private-estates-2026-07-22-corrected-6,,,2450000,2007-07-26,guildford-district,A
lr-bb69bb82c255f5c91d73,property:ABILITY HILLS RODONA ROAD WEYBRIDGE KT13 0NP|KT130NP,"ABILITY HILLS, RODONA ROAD, WEYBRIDGE, KT13 0NP",ABILITY HILLS,,RODONA ROAD,,WEYBRIDGE,KT13 0NP,Elmbridge,Detached,st-georges-hill,St George's Hill,A,traditional_private_estate,pe:st-georges-hill:rodona-road:whole,surrey-private-estates-2026-07-22-corrected-6,verified,partial_ready,3500000,2007-07-25,elmbridge-prime,A
lr-874e35854f33e0b1d944,property:44 WAYNEFLETE TOWER AVENUE ESHER KT10 8QG|KT108QG,"44, WAYNEFLETE TOWER AVENUE, ESHER, KT10 8QG",44,,WAYNEFLETE TOWER AVENUE,,ESHER,KT10 8QG,Elmbridge,Detached,,,,,,surrey-private-estates-2026-07-22-corrected-6,,,2450000,2007-07-24,elmbridge-prime,A
lr-722f7bf30612646e30cf,property:RAVENRIDGE CAMP END ROAD WEYBRIDGE KT13 0NR|KT130NR,"RAVENRIDGE, CAMP END ROAD, WEYBRIDGE, KT13 0NR",RAVENRIDGE,,CAMP END ROAD,,WEYBRIDGE,KT13 0NR,Elmbridge,Detached,st-georges-hill,St George's Hill,A,traditional_private_estate,pe:st-georges-hill:camp-end-road:whole,surrey-private-estates-2026-07-22-corrected-6,verified,partial_ready,3300000,2007-07-23,elmbridge-prime,A
lr-7b21d2412ea715711401,property:27 WOLSEY ROAD EAST MOLESEY KT8 9EN|KT89EN,"27, WOLSEY ROAD, EAST MOLESEY, KT8 9EN",27,,WOLSEY ROAD,,EAST MOLESEY,KT8 9EN,Elmbridge,Detached,,,,,,surrey-private-estates-2026-07-22-corrected-6,,,2425000,2007-07-23,elmbridge-prime,A
lr-eb4dccda06f1eca88c48,property:UPPER RIBSDEN CHERTSEY ROAD WINDLESHAM GU20 6HX|GU206HX,"UPPER RIBSDEN, CHERTSEY ROAD, WINDLESHAM, GU20 6HX",UPPER RIBSDEN,,CHERTSEY ROAD,,WINDLESHAM,GU20 6HX,Surrey Heath,Detached,,,,,,surrey-private-estates-2026-07-22-corrected-6,,,3400000,2007-07-19,surrey-heath,A
lr-14dc730979a59f535092,property:2 ASHLEY DRIVE WALTON ON THAMES KT12 1JL|KT121JL,"2, ASHLEY DRIVE, WALTON-ON-THAMES, KT12 1JL",2,,ASHLEY DRIVE,,WALTON-ON-THAMES,KT12 1JL,Elmbridge,Detached,,,,,,surrey-private-estates-2026-07-22-corrected-6,,,2000000,2007-07-19,elmbridge-prime,A
lr-b4b55289e2a43205b709,property:HILL HOUSE FARM SOMERSBURY LANE RUDGWICK HORSHAM RH12 3AT|RH123AT,"HILL HOUSE FARM, SOMERSBURY LANE, RUDGWICK, HORSHAM, RH12 3AT",HILL HOUSE FARM,,SOMERSBURY LANE,RUDGWICK,HORSHAM,RH12 3AT,Waverley,Detached,,,,,,surrey-private-estates-2026-07-22-corrected-6,,,3000000,2007-07-16,waverley-south-surrey,A
lr-7d43d6745eecfeb63752,property:REDWOOD HIGH STREET GREEN CHIDDINGFOLD GODALMING GU8 4XY|GU84XY,"REDWOOD, HIGH STREET GREEN, CHIDDINGFOLD, GODALMING, GU8 4XY",REDWOOD,,HIGH STREET GREEN,CHIDDINGFOLD,GODALMING,GU8 4XY,Waverley,Detached,,,,,,surrey-private-estates-2026-07-22-corrected-6,,,2625000,2007-07-13,waverley-south-surrey,A
lr-04883708c3951ef494ac,property:WISTON HOUSE WHITE LANE GUILDFORD GU4 8PR|GU48PR,"WISTON HOUSE, WHITE LANE, GUILDFORD, GU4 8PR",WISTON HOUSE,,WHITE LANE,,GUILDFORD,GU4 8PR,Guildford,Detached,,,,,,surrey-private-estates-2026-07-22-corrected-6,,,2500000,2007-07-13,guildford-district,A
lr-a9f3e569db29376b1953,property:23 CLARE HILL ESHER KT10 9NB|KT109NB,"23, CLARE HILL, ESHER, KT10 9NB",23,,CLARE HILL,,ESHER,KT10 9NB,Elmbridge,Detached,,,,,,surrey-private-estates-2026-07-22-corrected-6,,,2500000,2007-07-11,elmbridge-prime,A
lr-6567ad7486136d0985b3,property:11 FURZE FIELD OXSHOTT LEATHERHEAD KT22 0UR|KT220UR,"11, FURZE FIELD, OXSHOTT, LEATHERHEAD, KT22 0UR",11,,FURZE FIELD,OXSHOTT,LEATHERHEAD,KT22 0UR,Elmbridge,Detached,crown-estate-oxshott,"Crown Estate, Oxshott",A,traditional_private_estate,pe:crown-estate-oxshott:furze-field:whole,surrey-private-estates-2026-07-22-corrected-6,verified_multi_source,partial_ready,3000000,2007-07-10,elmbridge-prime,A
lr-1d8b9ae5e0f45ce28551,property:BLANDINGS PINEWOOD ROAD VIRGINIA WATER GU25 4PA|GU254PA,"BLANDINGS, PINEWOOD ROAD, VIRGINIA WATER, GU25 4PA",BLANDINGS,,PINEWOOD ROAD,,VIRGINIA WATER,GU25 4PA,Runnymede,Detached,wentworth-estate,Wentworth Estate,A,traditional_private_estate,pe:wentworth-estate:pinewood-road:whole,surrey-private-estates-2026-07-22-corrected-6,verified,partial_ready,6500000,2007-07-06,runnymede-wentworth,A
lr-5fcd27477ccfabe3d02a,property:CARRICK HOUSE SPRING WOODS VIRGINIA WATER GU25 4PW|GU254PW,"CARRICK HOUSE, SPRING WOODS, VIRGINIA WATER, GU25 4PW",CARRICK HOUSE,,SPRING WOODS,,VIRGINIA WATER,GU25 4PW,Runnymede,Detached,wentworth-estate,Wentworth Estate,A,traditional_private_estate,pe:wentworth-estate:spring-woods:whole,surrey-private-estates-2026-07-22-corrected-6,verified,partial_ready,4875000,2007-07-06,runnymede-wentworth,A
lr-f35e35daba5077ddaf5c,property:63 ASHLEY PARK AVENUE WALTON ON THAMES KT12 1EU|KT121EU,"63, ASHLEY PARK AVENUE, WALTON-ON-THAMES, KT12 1EU",63,,ASHLEY PARK AVENUE,,WALTON-ON-THAMES,KT12 1EU,Elmbridge,Detached,,,,,,surrey-private-estates-2026-07-22-corrected-6,,,3150000,2007-07-06,elmbridge-prime,A
lr-53ca07a5bab216b697e1,property:LITTLE HILL PORTNALL ROAD VIRGINIA WATER GU25 4NZ|GU254NZ,"LITTLE HILL, PORTNALL ROAD, VIRGINIA WATER, GU25 4NZ",LITTLE HILL,,PORTNALL ROAD,,VIRGINIA WATER,GU25 4NZ,Runnymede,Detached,,,,,,surrey-private-estates-2026-07-22-corrected-6,,,3500000,2007-07-05,runnymede-wentworth,A
lr-f858117814a344ef72b3,property:6 BURSTEAD CLOSE COBHAM KT11 2NL|KT112NL,"6, BURSTEAD CLOSE, COBHAM, KT11 2NL",6,,BURSTEAD CLOSE,,COBHAM,KT11 2NL,Elmbridge,Detached,,,,,,surrey-private-estates-2026-07-22-corrected-6,,,2825000,2007-07-04,elmbridge-prime,A
lr-03d2783114a2d3286879,property:67 HIGH STREET BLETCHINGLEY REDHILL RH1 4LJ|RH14LJ,"67, HIGH STREET, BLETCHINGLEY, REDHILL, RH1 4LJ",67,,HIGH STREET,BLETCHINGLEY,REDHILL,RH1 4LJ,Tandridge,Detached,,,,,,surrey-private-estates-2026-07-22-corrected-6,,,2500000,2007-06-29,tandridge-oxted,A
lr-03fdfeb1b7b56b4ab9a8,property:THE VINES HARDWICK CLOSE OXSHOTT LEATHERHEAD KT22 0HZ|KT220HZ,"THE VINES, HARDWICK CLOSE, OXSHOTT, LEATHERHEAD, KT22 0HZ",THE VINES,,HARDWICK CLOSE,OXSHOTT,LEATHERHEAD,KT22 0HZ,Elmbridge,Detached,knott-park,Knott Park,A,traditional_private_estate,pe:knott-park:hardwick-close:whole,surrey-private-estates-2026-07-22-corrected-6,verified,ready,2100000,2007-06-29,elmbridge-prime,A
lr-7861b3f527c4aae7123a,property:TREFUSIS THE GREEN SHAMLEY GREEN GUILDFORD GU5 0UB|GU50UB,"TREFUSIS, THE GREEN, SHAMLEY GREEN, GUILDFORD, GU5 0UB",TREFUSIS,,THE GREEN,SHAMLEY GREEN,GUILDFORD,GU5 0UB,Waverley,Detached,,,,,,surrey-private-estates-2026-07-22-corrected-6,,,2000000,2007-06-29,waverley-south-surrey,A
lr-e5616c00a02f8eade5f4,property:COMPTON HOUSE LAKE ROAD VIRGINIA WATER GU25 4QW|GU254QW,"COMPTON HOUSE, LAKE ROAD, VIRGINIA WATER, GU25 4QW",COMPTON HOUSE,,LAKE ROAD,,VIRGINIA WATER,GU25 4QW,Runnymede,Detached,wentworth-estate,Wentworth Estate,A,traditional_private_estate,pe:wentworth-estate:lake-road:whole,surrey-private-estates-2026-07-22-corrected-6,verified,partial_ready,3600000,2007-06-26,runnymede-wentworth,A
lr-280514e3f8b2020b0369,property:MEDOMSLEY CAMP END ROAD WEYBRIDGE KT13 0NU|KT130NU,"MEDOMSLEY, CAMP END ROAD, WEYBRIDGE, KT13 0NU",MEDOMSLEY,,CAMP END ROAD,,WEYBRIDGE,KT13 0NU,Elmbridge,Detached,st-georges-hill,St George's Hill,A,traditional_private_estate,pe:st-georges-hill:camp-end-road:whole,surrey-private-estates-2026-07-22-corrected-6,verified,partial_ready,3400000,2007-06-25,elmbridge-prime,A
lr-a976cdfe184208acce3f,property:4 FAIRMILE AVENUE COBHAM KT11 2JB|KT112JB,"4, FAIRMILE AVENUE, COBHAM, KT11 2JB",4,,FAIRMILE AVENUE,,COBHAM,KT11 2JB,Elmbridge,Detached,eaton-park,Eaton Park,A,traditional_private_estate,pe:eaton-park:fairmile-avenue:whole,surrey-private-estates-2026-07-22-corrected-6,verified,ready,2750000,2007-06-25,elmbridge-prime,A
lr-bb4898caebf0f1a2ed73,property:GRIANAN EYHURST CLOSE KINGSWOOD TADWORTH KT20 6NR|KT206NR,"GRIANAN, EYHURST CLOSE, KINGSWOOD, TADWORTH, KT20 6NR",GRIANAN,,EYHURST CLOSE,KINGSWOOD,TADWORTH,KT20 6NR,Reigate and Banstead,Detached,,,,,,surrey-private-estates-2026-07-22-corrected-6,,,2500000,2007-06-25,reigate-banstead,A
lr-0061c14f365ba1c51855,property:THE MANOR HOUSE 16 LEIGH HILL ROAD COBHAM KT11 2HX|KT112HX,"THE MANOR HOUSE, 16, LEIGH HILL ROAD, COBHAM, KT11 2HX","THE MANOR HOUSE, 16",,LEIGH HILL ROAD,,COBHAM,KT11 2HX,Elmbridge,Detached,,,,,,surrey-private-estates-2026-07-22-corrected-6,,,2000000,2007-06-22,elmbridge-prime,A
lr-fe9ca6fb2e4ff1d508d6,property:9 CLAREMONT DRIVE ESHER KT10 9LU|KT109LU,"9, CLAREMONT DRIVE, ESHER, KT10 9LU",9,,CLAREMONT DRIVE,,ESHER,KT10 9LU,Elmbridge,Detached,,,,,,surrey-private-estates-2026-07-22-corrected-6,,,3400000,2007-06-21,elmbridge-prime,A
lr-ca22da90166b24b8a6b4,property:HEATHERLEA HOUSE EAST ROAD WEYBRIDGE KT13 0LD|KT130LD,"HEATHERLEA HOUSE, EAST ROAD, WEYBRIDGE, KT13 0LD",HEATHERLEA HOUSE,,EAST ROAD,,WEYBRIDGE,KT13 0LD,Elmbridge,Detached,st-georges-hill,St George's Hill,A,traditional_private_estate,pe:st-georges-hill:east-road:whole,surrey-private-estates-2026-07-22-corrected-6,verified,partial_ready,4600000,2007-06-18,elmbridge-prime,A
lr-b8cb33d2ed95c46ee1ac,property:2 BIRDS HILL ROAD OXSHOTT LEATHERHEAD KT22 0NJ|KT220NJ,"2, BIRDS HILL ROAD, OXSHOTT, LEATHERHEAD, KT22 0NJ",2,,BIRDS HILL ROAD,OXSHOTT,LEATHERHEAD,KT22 0NJ,Elmbridge,Detached,crown-estate-oxshott,"Crown Estate, Oxshott",A,traditional_private_estate,pe:crown-estate-oxshott:birds-hill-road:whole,surrey-private-estates-2026-07-22-corrected-6,verified_multi_source,partial_ready,2550000,2007-06-18,elmbridge-prime,A
lr-3b3b377882264e3fbf00,property:2 HILL VIEW PLACE COBHAM KT11 2QA|KT112QA,"2, HILL VIEW PLACE, COBHAM, KT11 2QA",2,,HILL VIEW PLACE,,COBHAM,KT11 2QA,Elmbridge,Detached,,,,,,surrey-private-estates-2026-07-22-corrected-6,,,2250000,2007-06-15,elmbridge-prime,A
lr-ba64770aba99dfb0b838,property:OTTERS LEAP 4 ADELAIDE ROAD WALTON ON THAMES KT12 1NA|KT121NA,"OTTERS LEAP, 4, ADELAIDE ROAD, WALTON-ON-THAMES, KT12 1NA","OTTERS LEAP, 4",,ADELAIDE ROAD,,WALTON-ON-THAMES,KT12 1NA,Elmbridge,Detached,,,,,,surrey-private-estates-2026-07-22-corrected-6,,,2100000,2007-06-14,elmbridge-prime,A
lr-0c9eee521a5833c2d40c,property:22 ESHER PARK AVENUE ESHER KT10 9NP|KT109NP,"22, ESHER PARK AVENUE, ESHER, KT10 9NP",22,,ESHER PARK AVENUE,,ESHER,KT10 9NP,Elmbridge,Detached,,,,,,surrey-private-estates-2026-07-22-corrected-6,,,6000000,2007-06-13,elmbridge-prime,A
lr-8e01a02127dee6248be1,property:THE COTTAGE BRIMSHOTT FARM RED LION ROAD CHOBHAM WOKING GU24 8RG|GU248RG,"THE COTTAGE, BRIMSHOTT FARM, RED LION ROAD, CHOBHAM, WOKING, GU24 8RG",BRIMSHOTT FARM,THE COTTAGE,RED LION ROAD,CHOBHAM,WOKING,GU24 8RG,Surrey Heath,Detached,,,,,,surrey-private-estates-2026-07-22-corrected-6,,,4500000,2007-06-13,surrey-heath,A
lr-7b9efab0a9d31a6c99e2,property:MARDEN HOUSE BEECH DRIVE KINGSWOOD TADWORTH KT20 6PP|KT206PP,"MARDEN HOUSE, BEECH DRIVE, KINGSWOOD, TADWORTH, KT20 6PP",MARDEN HOUSE,,BEECH DRIVE,KINGSWOOD,TADWORTH,KT20 6PP,Reigate and Banstead,Detached,,,,,,surrey-private-estates-2026-07-22-corrected-6,,,2150000,2007-06-05,reigate-banstead,A
lr-bcfc489ef41e156ac5aa,property:15 KINGS WARREN OXSHOTT LEATHERHEAD KT22 0PE|KT220PE,"15, KINGS WARREN, OXSHOTT, LEATHERHEAD, KT22 0PE",15,,KINGS WARREN,OXSHOTT,LEATHERHEAD,KT22 0PE,Elmbridge,Detached,crown-estate-oxshott,"Crown Estate, Oxshott",A,traditional_private_estate,pe:crown-estate-oxshott:kings-warren:whole,surrey-private-estates-2026-07-22-corrected-6,verified_multi_source,partial_ready,3050000,2007-05-31,elmbridge-prime,A
lr-4f78b4ef9c440e2c6311,property:CHASE HOUSE THE CHASE OXSHOTT LEATHERHEAD KT22 0HR|KT220HR,"CHASE HOUSE, THE CHASE, OXSHOTT, LEATHERHEAD, KT22 0HR",CHASE HOUSE,,THE CHASE,OXSHOTT,LEATHERHEAD,KT22 0HR,Elmbridge,Detached,knott-park,Knott Park,A,traditional_private_estate,pe:knott-park:the-chase:segment,surrey-private-estates-2026-07-22-corrected-6,verified,ready,2190000,2007-05-31,elmbridge-prime,A
lr-91d2be8427ace32d9c03,property:HILL TOP NORTH DRIVE VIRGINIA WATER GU25 4NL|GU254NL,"HILL TOP, NORTH DRIVE, VIRGINIA WATER, GU25 4NL",HILL TOP,,NORTH DRIVE,,VIRGINIA WATER,GU25 4NL,Runnymede,Detached,wentworth-estate,Wentworth Estate,A,traditional_private_estate,pe:wentworth-estate:north-drive:whole,surrey-private-estates-2026-07-22-corrected-6,verified,partial_ready,2000000,2007-05-31,runnymede-wentworth,A
lr-09a2dd990ab6bff1e86e,property:MARK ASH ABINGER LANE ABINGER COMMON DORKING RH5 6JA|RH56JA,"MARK ASH, ABINGER LANE, ABINGER COMMON, DORKING, RH5 6JA",MARK ASH,,ABINGER LANE,ABINGER COMMON,DORKING,RH5 6JA,Mole Valley,Detached,,,,,,surrey-private-estates-2026-07-22-corrected-6,,,3750000,2007-05-30,mole-valley,A
lr-53bd37cadb3987c46dfb,property:8 THE QUILLOT HERSHAM WALTON ON THAMES KT12 5BY|KT125BY,"8, THE QUILLOT, HERSHAM, WALTON-ON-THAMES, KT12 5BY",8,,THE QUILLOT,HERSHAM,WALTON-ON-THAMES,KT12 5BY,Elmbridge,Detached,burwood-park,Burwood Park,A,traditional_private_estate,pe:burwood-park:the-quillot:whole,surrey-private-estates-2026-07-22-corrected-6,verified,ready,2800000,2007-05-30,elmbridge-prime,A
lr-9bf65af3ae87d3e66f1e,property:54 WAVERLEY LANE FARNHAM GU9 8BN|GU98BN,"54, WAVERLEY LANE, FARNHAM, GU9 8BN",54,,WAVERLEY LANE,,FARNHAM,GU9 8BN,Waverley,Detached,,,,,,surrey-private-estates-2026-07-22-corrected-6,,,2025000,2007-05-30,waverley-south-surrey,A
lr-8b88e391ba081c3747cc,property:BINTON HALL BINTON LANE SEALE FARNHAM GU10 1LG|GU101LG,"BINTON HALL, BINTON LANE, SEALE, FARNHAM, GU10 1LG",BINTON HALL,,BINTON LANE,SEALE,FARNHAM,GU10 1LG,Guildford,Detached,,,,,,surrey-private-estates-2026-07-22-corrected-6,,,3352830,2007-05-29,guildford-district,A
lr-952c4522b15671ea412d,property:9 WOLSEY ROAD EAST MOLESEY KT8 9EL|KT89EL,"9, WOLSEY ROAD, EAST MOLESEY, KT8 9EL",9,,WOLSEY ROAD,,EAST MOLESEY,KT8 9EL,Elmbridge,Detached,,,,,,surrey-private-estates-2026-07-22-corrected-6,,,2750000,2007-05-25,elmbridge-prime,A
lr-28ae260044b0f260573f,property:FAIRACRE GODOLPHIN ROAD WEYBRIDGE KT13 0PU|KT130PU,"FAIRACRE, GODOLPHIN ROAD, WEYBRIDGE, KT13 0PU",FAIRACRE,,GODOLPHIN ROAD,,WEYBRIDGE,KT13 0PU,Elmbridge,Detached,st-georges-hill,St George's Hill,A,traditional_private_estate,pe:st-georges-hill:godolphin-road:whole,surrey-private-estates-2026-07-22-corrected-6,verified,partial_ready,2475000,2007-05-25,elmbridge-prime,A
lr-62700f0702bc026d6862,property:A PIPELINE AT APPS COURT FARM HURST ROAD WALTON ON THAMES KT12 2EG|KT122EG,"A PIPELINE AT APPS COURT FARM, HURST ROAD, WALTON-ON-THAMES, KT12 2EG",A PIPELINE AT APPS COURT FARM,,HURST ROAD,,WALTON-ON-THAMES,KT12 2EG,Elmbridge,Detached,,,,,,surrey-private-estates-2026-07-22-corrected-6,,,2000000,2007-05-25,elmbridge-prime,A
lr-5c0d9d37448f9f235de5,property:2 BROOMFIELD RIDE OXSHOTT LEATHERHEAD KT22 0LW|KT220LW,"2, BROOMFIELD RIDE, OXSHOTT, LEATHERHEAD, KT22 0LW",2,,BROOMFIELD RIDE,OXSHOTT,LEATHERHEAD,KT22 0LW,Elmbridge,Detached,crown-estate-oxshott,"Crown Estate, Oxshott",A,traditional_private_estate,pe:crown-estate-oxshott:broomfield-ride:whole,surrey-private-estates-2026-07-22-corrected-6,verified_multi_source,partial_ready,2800000,2007-05-24,elmbridge-prime,A
lr-c307e477b8433681d1f3,property:THE PENTHOUSE OLD AVENUE WEYBRIDGE KT13 0QB|KT130QB,"THE PENTHOUSE, OLD AVENUE, WEYBRIDGE, KT13 0QB",THE PENTHOUSE,,OLD AVENUE,,WEYBRIDGE,KT13 0QB,Elmbridge,Detached,,,,,,surrey-private-estates-2026-07-22-corrected-6,,,2500000,2007-05-24,elmbridge-prime,A
lr-6bcbbbab388d4462adcb,property:11 WOODSIDE ROAD COBHAM KT11 2QR|KT112QR,"11, WOODSIDE ROAD, COBHAM, KT11 2QR",11,,WOODSIDE ROAD,,COBHAM,KT11 2QR,Elmbridge,Detached,,,,,,surrey-private-estates-2026-07-22-corrected-6,,,2050000,2007-05-23,elmbridge-prime,A
lr-00a6f38e5a15aef902a5,property:LA PERLE 23 EATON PARK COBHAM KT11 2JF|KT112JF,"LA PERLE, 23, EATON PARK, COBHAM, KT11 2JF","LA PERLE, 23",,EATON PARK,,COBHAM,KT11 2JF,Elmbridge,Detached,eaton-park,Eaton Park,A,traditional_private_estate,pe:eaton-park:eaton-park:whole,surrey-private-estates-2026-07-22-corrected-6,verified,ready,2625000,2007-05-22,elmbridge-prime,A
lr-c5dab8599a085ed5cb09,property:REDWOOD HOUSE HATTON HILL WINDLESHAM GU20 6AD|GU206AD,"REDWOOD HOUSE, HATTON HILL, WINDLESHAM, GU20 6AD",REDWOOD HOUSE,,HATTON HILL,,WINDLESHAM,GU20 6AD,Surrey Heath,Detached,,,,,,surrey-private-estates-2026-07-22-corrected-6,,,2400000,2007-05-21,surrey-heath,A
lr-8bebfec18776d67eb5aa,property:FIELD FARES MUNSTEAD VIEW ROAD BRAMLEY GUILDFORD GU5 0DA|GU50DA,"FIELD FARES, MUNSTEAD VIEW ROAD, BRAMLEY, GUILDFORD, GU5 0DA",FIELD FARES,,MUNSTEAD VIEW ROAD,BRAMLEY,GUILDFORD,GU5 0DA,Waverley,Detached,,,,,,surrey-private-estates-2026-07-22-corrected-6,,,2100000,2007-05-18,waverley-south-surrey,A
lr-7caad768155ce86d3a59,property:VIRGINIA HOUSE 6 VIRGINIA DRIVE VIRGINIA WATER GU25 4RX|GU254RX,"VIRGINIA HOUSE, 6, VIRGINIA DRIVE, VIRGINIA WATER, GU25 4RX","VIRGINIA HOUSE, 6",,VIRGINIA DRIVE,,VIRGINIA WATER,GU25 4RX,Runnymede,Detached,wentworth-estate,Wentworth Estate,A,traditional_private_estate,pe:wentworth-estate:virginia-drive:whole,surrey-private-estates-2026-07-22-corrected-6,verified,partial_ready,2450000,2007-05-16,runnymede-wentworth,A
lr-a8eaa55d47db10c51413,property:34 CRANLEY ROAD HERSHAM WALTON ON THAMES KT12 5BL|KT125BL,"34, CRANLEY ROAD, HERSHAM, WALTON-ON-THAMES, KT12 5BL",34,,CRANLEY ROAD,HERSHAM,WALTON-ON-THAMES,KT12 5BL,Elmbridge,Detached,burwood-park,Burwood Park,A,traditional_private_estate,pe:burwood-park:cranley-road:whole,surrey-private-estates-2026-07-22-corrected-6,verified,ready,2235000,2007-05-11,elmbridge-prime,A
lr-145fd9f07cd7d3b2a8fa,property:WILTON HOUSE MOLES HILL OXSHOTT LEATHERHEAD KT22 0QB|KT220QB,"WILTON HOUSE, MOLES HILL, OXSHOTT, LEATHERHEAD, KT22 0QB",WILTON HOUSE,,MOLES HILL,OXSHOTT,LEATHERHEAD,KT22 0QB,Elmbridge,Detached,crown-estate-oxshott,"Crown Estate, Oxshott",A,traditional_private_estate,pe:crown-estate-oxshott:moles-hill:whole,surrey-private-estates-2026-07-22-corrected-6,verified_multi_source,partial_ready,3325000,2007-05-10,elmbridge-prime,A
lr-fc6117eba8aab006d417,property:GREEN PLACE THE STREET WONERSH GUILDFORD GU5 0PF|GU50PF,"GREEN PLACE, THE STREET, WONERSH, GUILDFORD, GU5 0PF",GREEN PLACE,,THE STREET,WONERSH,GUILDFORD,GU5 0PF,Waverley,Detached,,,,,,surrey-private-estates-2026-07-22-corrected-6,,,3000000,2007-05-10,waverley-south-surrey,A
lr-378320a2279da37b43c6,property:31 ABBOTS DRIVE VIRGINIA WATER GU25 4SE|GU254SE,"31, ABBOTS DRIVE, VIRGINIA WATER, GU25 4SE",31,,ABBOTS DRIVE,,VIRGINIA WATER,GU25 4SE,Runnymede,Detached,wentworth-estate,Wentworth Estate,A,traditional_private_estate,pe:wentworth-estate:abbots-drive:whole,surrey-private-estates-2026-07-22-corrected-6,verified,partial_ready,2500000,2007-05-10,runnymede-wentworth,A
lr-4ba5e7649d718bbf818e,property:20 NUNS WALK VIRGINIA WATER GU25 4RT|GU254RT,"20, NUNS WALK, VIRGINIA WATER, GU25 4RT",20,,NUNS WALK,,VIRGINIA WATER,GU25 4RT,Runnymede,Detached,,,,,,surrey-private-estates-2026-07-22-corrected-6,,,2500000,2007-05-08,runnymede-wentworth,A
lr-5cb1cc38f2ddab031d78,property:LOSELY HOLMBURY ROAD EWHURST CRANLEIGH GU6 7SJ|GU67SJ,"LOSELY, HOLMBURY ROAD, EWHURST, CRANLEIGH, GU6 7SJ",LOSELY,,HOLMBURY ROAD,EWHURST,CRANLEIGH,GU6 7SJ,Waverley,Detached,,,,,,surrey-private-estates-2026-07-22-corrected-6,,,2000000,2007-05-04,waverley-south-surrey,A
lr-3b2b4f8dbb507754f815,property:6 MONTROSE GARDENS OXSHOTT LEATHERHEAD KT22 0UU|KT220UU,"6, MONTROSE GARDENS, OXSHOTT, LEATHERHEAD, KT22 0UU",6,,MONTROSE GARDENS,OXSHOTT,LEATHERHEAD,KT22 0UU,Elmbridge,Detached,crown-estate-oxshott,"Crown Estate, Oxshott",A,traditional_private_estate,pe:crown-estate-oxshott:montrose-gardens:whole,surrey-private-estates-2026-07-22-corrected-6,verified_multi_source,partial_ready,3500000,2007-05-01,elmbridge-prime,A
lr-3eb2d4a018d3b248dae5,property:DOWNS RYSE NORTHDOWN LANE GUILDFORD GU1 3TS|GU13TS,"DOWNS RYSE, NORTHDOWN LANE, GUILDFORD, GU1 3TS",DOWNS RYSE,,NORTHDOWN LANE,,GUILDFORD,GU1 3TS,Guildford,Detached,,,,,,surrey-private-estates-2026-07-22-corrected-6,,,3000000,2007-05-01,guildford-district,A
lr-a0bed26292b56daa4b54,property:BELVEDERE HOUSE EATON PARK ROAD COBHAM KT11 2JJ|KT112JJ,"BELVEDERE HOUSE, EATON PARK ROAD, COBHAM, KT11 2JJ",BELVEDERE HOUSE,,EATON PARK ROAD,,COBHAM,KT11 2JJ,Elmbridge,Detached,eaton-park,Eaton Park,A,traditional_private_estate,pe:eaton-park:eaton-park-road:whole,surrey-private-estates-2026-07-22-corrected-6,verified,ready,2337000,2007-05-01,elmbridge-prime,A
lr-a37abe032d6379b4d250,property:RANMORE COURT HOGDEN LANE RANMORE COMMON DORKING RH5 6SY|RH56SY,"RANMORE COURT, HOGDEN LANE, RANMORE COMMON, DORKING, RH5 6SY",RANMORE COURT,,HOGDEN LANE,RANMORE COMMON,DORKING,RH5 6SY,Mole Valley,Detached,,,,,,surrey-private-estates-2026-07-22-corrected-6,,,4501000,2007-04-30,mole-valley,A
lr-6aae489d24bade206c63,property:WHITE HOUSE GOLF CLUB ROAD WEYBRIDGE KT13 0NJ|KT130NJ,"WHITE HOUSE, GOLF CLUB ROAD, WEYBRIDGE, KT13 0NJ",WHITE HOUSE,,GOLF CLUB ROAD,,WEYBRIDGE,KT13 0NJ,Elmbridge,Detached,st-georges-hill,St George's Hill,A,traditional_private_estate,pe:st-georges-hill:golf-club-road:whole,surrey-private-estates-2026-07-22-corrected-6,verified,partial_ready,4300000,2007-04-30,elmbridge-prime,A
lr-b4a64f7ba990b353c0a4,property:LONG WEYDOWN WEYDOWN ROAD HASLEMERE GU27 1DS|GU271DS,"LONG WEYDOWN, WEYDOWN ROAD, HASLEMERE, GU27 1DS",LONG WEYDOWN,,WEYDOWN ROAD,,HASLEMERE,GU27 1DS,Waverley,Detached,,,,,,surrey-private-estates-2026-07-22-corrected-6,,,2900000,2007-04-30,waverley-south-surrey,A
lr-497b52edb23f2a5d822d,property:SOUTHWINDS SOUTH RIDGE WEYBRIDGE KT13 0NF|KT130NF,"SOUTHWINDS, SOUTH RIDGE, WEYBRIDGE, KT13 0NF",SOUTHWINDS,,SOUTH RIDGE,,WEYBRIDGE,KT13 0NF,Elmbridge,Detached,st-georges-hill,St George's Hill,A,traditional_private_estate,pe:st-georges-hill:south-ridge:whole,surrey-private-estates-2026-07-22-corrected-6,verified,partial_ready,2795000,2007-04-30,elmbridge-prime,A
lr-bceb84c7ec1eb96b16d9,property:FLAT 8 PARKHILL 5 ESHER PARK AVENUE ESHER KT10 9NP|KT109NP,"FLAT 8, PARKHILL, 5, ESHER PARK AVENUE, ESHER, KT10 9NP","PARKHILL, 5",FLAT 8,ESHER PARK AVENUE,,ESHER,KT10 9NP,Elmbridge,Flat Maisonette,,,,,,surrey-private-estates-2026-07-22-corrected-6,,,2150000,2007-04-30,elmbridge-prime,A
lr-232fa13f7af189e401bc,property:HOLMWOOD PARK VIEW ROAD WOLDINGHAM CATERHAM CR3 7DN|CR37DN,"HOLMWOOD, PARK VIEW ROAD, WOLDINGHAM, CATERHAM, CR3 7DN",HOLMWOOD,,PARK VIEW ROAD,WOLDINGHAM,CATERHAM,CR3 7DN,Tandridge,Detached,,,,,,surrey-private-estates-2026-07-22-corrected-6,,,2500000,2007-04-27,tandridge-oxted,A
lr-b5daf323c1245eec5bb8,property:8 THE GARDENS ESHER KT10 8QF|KT108QF,"8, THE GARDENS, ESHER, KT10 8QF",8,,THE GARDENS,,ESHER,KT10 8QF,Elmbridge,Detached,,,,,,surrey-private-estates-2026-07-22-corrected-6,,,2250000,2007-04-27,elmbridge-prime,A
lr-3bf1881dc3e4454d444c,property:CHALK HOUSE NORTHDOWN LANE GUILDFORD GU1 3TS|GU13TS,"CHALK HOUSE, NORTHDOWN LANE, GUILDFORD, GU1 3TS",CHALK HOUSE,,NORTHDOWN LANE,,GUILDFORD,GU1 3TS,Guildford,Detached,,,,,,surrey-private-estates-2026-07-22-corrected-6,,,2760000,2007-04-12,guildford-district,A
lr-ba90e218c2762dfe0b3f,property:SILVERWOOD HOUSE 2A BIRDS HILL ROAD OXSHOTT LEATHERHEAD KT22 0NJ|KT220NJ,"SILVERWOOD HOUSE, 2A, BIRDS HILL ROAD, OXSHOTT, LEATHERHEAD, KT22 0NJ","SILVERWOOD HOUSE, 2A",,BIRDS HILL ROAD,OXSHOTT,LEATHERHEAD,KT22 0NJ,Elmbridge,Detached,crown-estate-oxshott,"Crown Estate, Oxshott",A,traditional_private_estate,pe:crown-estate-oxshott:birds-hill-road:whole,surrey-private-estates-2026-07-22-corrected-6,verified_multi_source,partial_ready,2175000,2007-04-10,elmbridge-prime,A
lr-effe653500f54fa5cbf9,property:15 ESHER PARK AVENUE ESHER KT10 9NX|KT109NX,"15, ESHER PARK AVENUE, ESHER, KT10 9NX",15,,ESHER PARK AVENUE,,ESHER,KT10 9NX,Elmbridge,Detached,,,,,,surrey-private-estates-2026-07-22-corrected-6,,,2050000,2007-04-05,elmbridge-prime,A
lr-7cebf2be4de608176106,property:25A BROADWATER CLOSE HERSHAM WALTON ON THAMES KT12 5DD|KT125DD,"25A, BROADWATER CLOSE, HERSHAM, WALTON-ON-THAMES, KT12 5DD",25A,,BROADWATER CLOSE,HERSHAM,WALTON-ON-THAMES,KT12 5DD,Elmbridge,Detached,burwood-park,Burwood Park,A,traditional_private_estate,pe:burwood-park:broadwater-close:whole,surrey-private-estates-2026-07-22-corrected-6,verified,ready,2550000,2007-03-30,elmbridge-prime,A
lr-9a34bf73e9ccd2912ad1,property:MOONFLEET FAIROAK LANE OXSHOTT LEATHERHEAD KT22 0TW|KT220TW,"MOONFLEET, FAIROAK LANE, OXSHOTT, LEATHERHEAD, KT22 0TW",MOONFLEET,,FAIROAK LANE,OXSHOTT,LEATHERHEAD,KT22 0TW,Elmbridge,Detached,,,,,,surrey-private-estates-2026-07-22-corrected-6,,,2300000,2007-03-30,elmbridge-prime,A
lr-f8aca0912b3d0094743e,property:TANHURST TANHURST LANE HOLMBURY ST MARY DORKING RH5 6LU|RH56LU,"TANHURST, TANHURST LANE, HOLMBURY ST MARY, DORKING, RH5 6LU",TANHURST,,TANHURST LANE,HOLMBURY ST MARY,DORKING,RH5 6LU,Mole Valley,Semi Detached,,,,,,surrey-private-estates-2026-07-22-corrected-6,,,2000000,2007-03-30,mole-valley,A
lr-16fa02fd6b5a61dac176,property:HERONSPOOL ACCOMMODATION ROAD LONGCROSS CHERTSEY KT16 0EJ|KT160EJ,"HERONSPOOL, ACCOMMODATION ROAD, LONGCROSS, CHERTSEY, KT16 0EJ",HERONSPOOL,,ACCOMMODATION ROAD,LONGCROSS,CHERTSEY,KT16 0EJ,Runnymede,Detached,,,,,,surrey-private-estates-2026-07-22-corrected-6,,,3750000,2007-03-28,runnymede-wentworth,A
lr-d1e2de714a9fdd06b660,property:SHEEPLEAS HOUSE EPSOM ROAD WEST HORSLEY LEATHERHEAD KT24 6AL|KT246AL,"SHEEPLEAS HOUSE, EPSOM ROAD, WEST HORSLEY, LEATHERHEAD, KT24 6AL",SHEEPLEAS HOUSE,,EPSOM ROAD,WEST HORSLEY,LEATHERHEAD,KT24 6AL,Guildford,Detached,,,,,,surrey-private-estates-2026-07-22-corrected-6,,,2100000,2007-03-26,guildford-district,A
lr-480ed39a7741adaa2cfc,property:ASHWOOD BEECH DRIVE KINGSWOOD TADWORTH KT20 6PS|KT206PS,"ASHWOOD, BEECH DRIVE, KINGSWOOD, TADWORTH, KT20 6PS",ASHWOOD,,BEECH DRIVE,KINGSWOOD,TADWORTH,KT20 6PS,Reigate and Banstead,Detached,,,,,,surrey-private-estates-2026-07-22-corrected-6,,,2200000,2007-03-23,reigate-banstead,A
lr-c585888c074aa2ab3247,property:LONG MILE OLD AVENUE WEYBRIDGE KT13 0PY|KT130PY,"LONG MILE, OLD AVENUE, WEYBRIDGE, KT13 0PY",LONG MILE,,OLD AVENUE,,WEYBRIDGE,KT13 0PY,Elmbridge,Detached,,,,,,surrey-private-estates-2026-07-22-corrected-6,,,4060000,2007-03-20,elmbridge-prime,A
lr-91a3f5a6457e33330d0f,property:DEVERE HOUSE 63 WOODLAND WAY KINGSWOOD TADWORTH KT20 6NN|KT206NN,"DEVERE HOUSE, 63, WOODLAND WAY, KINGSWOOD, TADWORTH, KT20 6NN","DEVERE HOUSE, 63",,WOODLAND WAY,KINGSWOOD,TADWORTH,KT20 6NN,Reigate and Banstead,Detached,,,,,,surrey-private-estates-2026-07-22-corrected-6,,,2250000,2007-03-20,reigate-banstead,A
lr-2f64f2d5103e2b83264d,property:THE RED LODGE BISHOPSGATE ROAD ENGLEFIELD GREEN EGHAM TW20 0YJ|TW200YJ,"THE RED LODGE, BISHOPSGATE ROAD, ENGLEFIELD GREEN, EGHAM, TW20 0YJ",THE RED LODGE,,BISHOPSGATE ROAD,ENGLEFIELD GREEN,EGHAM,TW20 0YJ,Runnymede,Detached,,,,,,surrey-private-estates-2026-07-22-corrected-6,,,4850000,2007-03-16,runnymede-wentworth,A
lr-d832e42ca4c594d224c5,property:10 BROOMFIELD RIDE OXSHOTT LEATHERHEAD KT22 0LW|KT220LW,"10, BROOMFIELD RIDE, OXSHOTT, LEATHERHEAD, KT22 0LW",10,,BROOMFIELD RIDE,OXSHOTT,LEATHERHEAD,KT22 0LW,Elmbridge,Detached,crown-estate-oxshott,"Crown Estate, Oxshott",A,traditional_private_estate,pe:crown-estate-oxshott:broomfield-ride:whole,surrey-private-estates-2026-07-22-corrected-6,verified_multi_source,partial_ready,2600000,2007-03-16,elmbridge-prime,A
lr-ae7821e4e458f2a3d958,property:CONNAUGHT OLD AVENUE WEYBRIDGE KT13 0QB|KT130QB,"CONNAUGHT, OLD AVENUE, WEYBRIDGE, KT13 0QB",CONNAUGHT,,OLD AVENUE,,WEYBRIDGE,KT13 0QB,Elmbridge,Detached,,,,,,surrey-private-estates-2026-07-22-corrected-6,,,2750000,2007-03-15,elmbridge-prime,A
lr-d26198d8bdd9199418ea,property:THE RISE BEECHWOOD ROAD VIRGINIA WATER GU25 4JP|GU254JP,"THE RISE, BEECHWOOD ROAD, VIRGINIA WATER, GU25 4JP",THE RISE,,BEECHWOOD ROAD,,VIRGINIA WATER,GU25 4JP,Runnymede,Detached,wentworth-estate,Wentworth Estate,A,traditional_private_estate,pe:wentworth-estate:beechwood-road:whole,surrey-private-estates-2026-07-22-corrected-6,verified,partial_ready,2250000,2007-03-15,runnymede-wentworth,A
lr-c208cd8f061357bc72ed,property:WOODSOME CORNER EAST ROAD WEYBRIDGE KT13 0LD|KT130LD,"WOODSOME CORNER, EAST ROAD, WEYBRIDGE, KT13 0LD",WOODSOME CORNER,,EAST ROAD,,WEYBRIDGE,KT13 0LD,Elmbridge,Detached,st-georges-hill,St George's Hill,A,traditional_private_estate,pe:st-georges-hill:east-road:whole,surrey-private-estates-2026-07-22-corrected-6,verified,partial_ready,3850000,2007-03-09,elmbridge-prime,A
lr-a4b4febdf77ded2a4081,property:GARDEN COTTAGE THE OLD PARSONAGE THE STREET EAST CLANDON GUILDFORD GU4 7RU|GU47RU,"GARDEN COTTAGE, THE OLD PARSONAGE, THE STREET, EAST CLANDON, GUILDFORD, GU4 7RU",THE OLD PARSONAGE,GARDEN COTTAGE,THE STREET,EAST CLANDON,GUILDFORD,GU4 7RU,Guildford,Detached,,,,,,surrey-private-estates-2026-07-22-corrected-6,,,2875000,2007-03-09,guildford-district,A
lr-a2558546448a857b70ef,property:CATALINA PORTNALL RISE VIRGINIA WATER GU25 4JZ|GU254JZ,"CATALINA, PORTNALL RISE, VIRGINIA WATER, GU25 4JZ",CATALINA,,PORTNALL RISE,,VIRGINIA WATER,GU25 4JZ,Runnymede,Detached,wentworth-estate,Wentworth Estate,A,traditional_private_estate,pe:wentworth-estate:portnall-rise:whole,surrey-private-estates-2026-07-22-corrected-6,verified,partial_ready,4450000,2007-03-01,runnymede-wentworth,A
lr-1d8f4c31cb4cb70412a0,property:WHITE HOUSE GOLF CLUB ROAD WEYBRIDGE KT13 0NJ|KT130NJ,"WHITE HOUSE, GOLF CLUB ROAD, WEYBRIDGE, KT13 0NJ",WHITE HOUSE,,GOLF CLUB ROAD,,WEYBRIDGE,KT13 0NJ,Elmbridge,Detached,st-georges-hill,St George's Hill,A,traditional_private_estate,pe:st-georges-hill:golf-club-road:whole,surrey-private-estates-2026-07-22-corrected-6,verified,partial_ready,3300000,2007-03-01,elmbridge-prime,A
lr-90fca40b9f5d2e45f532,property:7 KINGS WARREN OXSHOTT LEATHERHEAD KT22 0PE|KT220PE,"7, KINGS WARREN, OXSHOTT, LEATHERHEAD, KT22 0PE",7,,KINGS WARREN,OXSHOTT,LEATHERHEAD,KT22 0PE,Elmbridge,Detached,crown-estate-oxshott,"Crown Estate, Oxshott",A,traditional_private_estate,pe:crown-estate-oxshott:kings-warren:whole,surrey-private-estates-2026-07-22-corrected-6,verified_multi_source,partial_ready,3000000,2007-03-01,elmbridge-prime,A
lr-68b704b989a463f99aba,property:20 ICKLINGHAM ROAD COBHAM KT11 2NQ|KT112NQ,"20, ICKLINGHAM ROAD, COBHAM, KT11 2NQ",20,,ICKLINGHAM ROAD,,COBHAM,KT11 2NQ,Elmbridge,Detached,,,,,,surrey-private-estates-2026-07-22-corrected-6,,,2550000,2007-02-20,elmbridge-prime,A
lr-75735e0f4e29339b9a3c,property:SKYE COURT 2 KIMBERLEY RIDE COBHAM KT11 2QD|KT112QD,"SKYE COURT, 2, KIMBERLEY RIDE, COBHAM, KT11 2QD","SKYE COURT, 2",,KIMBERLEY RIDE,,COBHAM,KT11 2QD,Elmbridge,Detached,,,,,,surrey-private-estates-2026-07-22-corrected-6,,,2400000,2007-02-16,elmbridge-prime,A
lr-faf5d66cfa07aa7168a9,property:REYNWOOD NORTH DRIVE VIRGINIA WATER GU25 4NQ|GU254NQ,"REYNWOOD, NORTH DRIVE, VIRGINIA WATER, GU25 4NQ",REYNWOOD,,NORTH DRIVE,,VIRGINIA WATER,GU25 4NQ,Runnymede,Detached,wentworth-estate,Wentworth Estate,A,traditional_private_estate,pe:wentworth-estate:north-drive:whole,surrey-private-estates-2026-07-22-corrected-6,verified,partial_ready,3000000,2007-02-09,runnymede-wentworth,A
lr-14a3ce3ecc810f219138,property:OCKFORD HOUSE OCKFORD ROAD GODALMING GU7 1QX|GU71QX,"OCKFORD HOUSE, OCKFORD ROAD, GODALMING, GU7 1QX",OCKFORD HOUSE,,OCKFORD ROAD,,GODALMING,GU7 1QX,Waverley,Detached,,,,,,surrey-private-estates-2026-07-22-corrected-6,,,2100000,2007-02-09,waverley-south-surrey,A
lr-e9690298ea5b2f747ca3,property:ST ANNE FIRWOOD ROAD VIRGINIA WATER GU25 4NG|GU254NG,"ST ANNE, FIRWOOD ROAD, VIRGINIA WATER, GU25 4NG",ST ANNE,,FIRWOOD ROAD,,VIRGINIA WATER,GU25 4NG,Runnymede,Detached,wentworth-estate,Wentworth Estate,A,traditional_private_estate,pe:wentworth-estate:firwood-road:whole,surrey-private-estates-2026-07-22-corrected-6,verified,partial_ready,2300000,2007-02-07,runnymede-wentworth,A
lr-174c1c460ed03e7031d9,property:THE COPPICE GODOLPHIN ROAD WEYBRIDGE KT13 0PT|KT130PT,"THE COPPICE, GODOLPHIN ROAD, WEYBRIDGE, KT13 0PT",THE COPPICE,,GODOLPHIN ROAD,,WEYBRIDGE,KT13 0PT,Elmbridge,Detached,st-georges-hill,St George's Hill,A,traditional_private_estate,pe:st-georges-hill:godolphin-road:whole,surrey-private-estates-2026-07-22-corrected-6,verified,partial_ready,2000000,2007-02-01,elmbridge-prime,A
lr-be68a092a502e863574d,property:AMBERLEY HOUSE YAFFLE ROAD WEYBRIDGE KT13 0QF|KT130QF,"AMBERLEY HOUSE, YAFFLE ROAD, WEYBRIDGE, KT13 0QF",AMBERLEY HOUSE,,YAFFLE ROAD,,WEYBRIDGE,KT13 0QF,Elmbridge,Detached,st-georges-hill,St George's Hill,A,traditional_private_estate,pe:st-georges-hill:yaffle-road:whole,surrey-private-estates-2026-07-22-corrected-6,verified,partial_ready,2992000,2007-01-31,elmbridge-prime,A
lr-a33671736b573cc4736b,property:GROSVENOR EAST ROAD WEYBRIDGE KT13 0LF|KT130LF,"GROSVENOR, EAST ROAD, WEYBRIDGE, KT13 0LF",GROSVENOR,,EAST ROAD,,WEYBRIDGE,KT13 0LF,Elmbridge,Detached,st-georges-hill,St George's Hill,A,traditional_private_estate,pe:st-georges-hill:east-road:whole,surrey-private-estates-2026-07-22-corrected-6,verified,partial_ready,2800000,2007-01-31,elmbridge-prime,A
lr-b029e4d4497a70e70cb7,property:2 CRANFORD RISE ESHER KT10 9NG|KT109NG,"2, CRANFORD RISE, ESHER, KT10 9NG",2,,CRANFORD RISE,,ESHER,KT10 9NG,Elmbridge,Detached,,,,,,surrey-private-estates-2026-07-22-corrected-6,,,2300000,2007-01-31,elmbridge-prime,A
lr-b6cd4cbc7b6f3f7415da,property:CHIPPINGS 15 BROCK WAY VIRGINIA WATER GU25 4SD|GU254SD,"CHIPPINGS, 15, BROCK WAY, VIRGINIA WATER, GU25 4SD","CHIPPINGS, 15",,BROCK WAY,,VIRGINIA WATER,GU25 4SD,Runnymede,Detached,,,,,,surrey-private-estates-2026-07-22-corrected-6,,,2200000,2007-01-31,runnymede-wentworth,A
lr-8742ef23bf44d2e7d598,property:12 SPICERS FIELD OXSHOTT LEATHERHEAD KT22 0UT|KT220UT,"12, SPICERS FIELD, OXSHOTT, LEATHERHEAD, KT22 0UT",12,,SPICERS FIELD,OXSHOTT,LEATHERHEAD,KT22 0UT,Elmbridge,Detached,crown-estate-oxshott,"Crown Estate, Oxshott",A,traditional_private_estate,pe:crown-estate-oxshott:spicers-field:whole,surrey-private-estates-2026-07-22-corrected-6,verified_multi_source,partial_ready,3450000,2007-01-26,elmbridge-prime,A
lr-a3d0718385cbc89a4527,property:LITTLEWOOD PYLE HILL WOKING GU22 0SR|GU220SR,"LITTLEWOOD, PYLE HILL, WOKING, GU22 0SR",LITTLEWOOD,,PYLE HILL,,WOKING,GU22 0SR,Woking,Detached,,,,,,surrey-private-estates-2026-07-22-corrected-6,,,2275000,2007-01-26,woking-district,A
lr-67a5036d6a264a6835b7,property:HATTON HOUSE HATTON HILL WINDLESHAM GU20 6AB|GU206AB,"HATTON HOUSE, HATTON HILL, WINDLESHAM, GU20 6AB",HATTON HOUSE,,HATTON HILL,,WINDLESHAM,GU20 6AB,Surrey Heath,Detached,,,,,,surrey-private-estates-2026-07-22-corrected-6,,,4500000,2007-01-19,surrey-heath,A
lr-96a2e3a58789d1f5c24c,property:THE WHITE HOUSE SUNNINGHILL ROAD WINDLESHAM GU20 6PP|GU206PP,"THE WHITE HOUSE, SUNNINGHILL ROAD, WINDLESHAM, GU20 6PP",THE WHITE HOUSE,,SUNNINGHILL ROAD,,WINDLESHAM,GU20 6PP,Surrey Heath,Detached,,,,,,surrey-private-estates-2026-07-22-corrected-6,,,3500000,2007-01-19,surrey-heath,A
lr-98e69a0b57d65e1b4e88,property:FIELD END THE COMMON CRANLEIGH GU6 8SH|GU68SH,"FIELD END, THE COMMON, CRANLEIGH, GU6 8SH",FIELD END,,THE COMMON,,CRANLEIGH,GU6 8SH,Waverley,Detached,,,,,,surrey-private-estates-2026-07-22-corrected-6,,,2650000,2007-01-19,waverley-south-surrey,A
lr-bedfae3c170c2145e51f,property:KENWOOD WOOD LANE WEYBRIDGE KT13 0JU|KT130JU,"KENWOOD, WOOD LANE, WEYBRIDGE, KT13 0JU",KENWOOD,,WOOD LANE,,WEYBRIDGE,KT13 0JU,Elmbridge,Detached,st-georges-hill,St George's Hill,A,traditional_private_estate,pe:st-georges-hill:wood-lane:whole,surrey-private-estates-2026-07-22-corrected-6,verified,partial_ready,5800000,2007-01-15,elmbridge-prime,A
lr-96530ec1dcd267eab355,property:HEY HO PLACE WESTWOOD ROAD WINDLESHAM GU20 6LP|GU206LP,"HEY HO PLACE, WESTWOOD ROAD, WINDLESHAM, GU20 6LP",HEY HO PLACE,,WESTWOOD ROAD,,WINDLESHAM,GU20 6LP,Surrey Heath,Detached,,,,,,surrey-private-estates-2026-07-22-corrected-6,,,2000000,2007-01-15,surrey-heath,A
lr-0ad28adbeaa919549e93,property:CORNERWAYS WEST ROAD WEYBRIDGE KT13 0LY|KT130LY,"CORNERWAYS, WEST ROAD, WEYBRIDGE, KT13 0LY",CORNERWAYS,,WEST ROAD,,WEYBRIDGE,KT13 0LY,Elmbridge,Detached,st-georges-hill,St George's Hill,A,traditional_private_estate,pe:st-georges-hill:west-road:whole,surrey-private-estates-2026-07-22-corrected-6,verified,partial_ready,4425000,2007-01-05,elmbridge-prime,A
lr-4d46750bae4d3976c430,property:KINGS COPSE WAVERLEY DRIVE VIRGINIA WATER GU25 4PZ|GU254PZ,"KINGS COPSE, WAVERLEY DRIVE, VIRGINIA WATER, GU25 4PZ",KINGS COPSE,,WAVERLEY DRIVE,,VIRGINIA WATER,GU25 4PZ,Runnymede,Detached,wentworth-estate,Wentworth Estate,A,traditional_private_estate,pe:wentworth-estate:waverley-drive:whole,surrey-private-estates-2026-07-22-corrected-6,verified,partial_ready,3350000,2006-12-15,runnymede-wentworth,A
lr-e5055c69f1296dc46494,property:40 CRANLEY ROAD HERSHAM WALTON ON THAMES KT12 5BL|KT125BL,"40, CRANLEY ROAD, HERSHAM, WALTON-ON-THAMES, KT12 5BL",40,,CRANLEY ROAD,HERSHAM,WALTON-ON-THAMES,KT12 5BL,Elmbridge,Detached,burwood-park,Burwood Park,A,traditional_private_estate,pe:burwood-park:cranley-road:whole,surrey-private-estates-2026-07-22-corrected-6,verified,ready,2760000,2006-12-14,elmbridge-prime,A
lr-a1b2546082dbb5246c75,property:HEAVENLY HOUSE WARREN DRIVE KINGSWOOD TADWORTH KT20 6PT|KT206PT,"HEAVENLY HOUSE, WARREN DRIVE, KINGSWOOD, TADWORTH, KT20 6PT",HEAVENLY HOUSE,,WARREN DRIVE,KINGSWOOD,TADWORTH,KT20 6PT,Reigate and Banstead,Detached,,,,,,surrey-private-estates-2026-07-22-corrected-6,,,2350000,2006-12-14,reigate-banstead,A
lr-ec63fbea6d7bba29a76c,property:49 MEADWAY ESHER KT10 9HG|KT109HG,"49, MEADWAY, ESHER, KT10 9HG",49,,MEADWAY,,ESHER,KT10 9HG,Elmbridge,Detached,,,,,,surrey-private-estates-2026-07-22-corrected-6,,,3000000,2006-12-12,elmbridge-prime,A
lr-276d49c46e9c2390a2fd,property:HAWTHORNE HOUSE 6 ABBOTSWOOD DRIVE WEYBRIDGE KT13 0LT|KT130LT,"HAWTHORNE HOUSE, 6, ABBOTSWOOD DRIVE, WEYBRIDGE, KT13 0LT","HAWTHORNE HOUSE, 6",,ABBOTSWOOD DRIVE,,WEYBRIDGE,KT13 0LT,Elmbridge,Detached,st-georges-hill,St George's Hill,A,traditional_private_estate,pe:st-georges-hill:abbotswood-drive:whole,surrey-private-estates-2026-07-22-corrected-6,verified,partial_ready,3510000,2006-12-11,elmbridge-prime,A
lr-d7be829b86fa30d0e644,property:FARLEIGH HOUSE 61 WOODLAND WAY KINGSWOOD TADWORTH KT20 6NN|KT206NN,"FARLEIGH HOUSE, 61, WOODLAND WAY, KINGSWOOD, TADWORTH, KT20 6NN","FARLEIGH HOUSE, 61",,WOODLAND WAY,KINGSWOOD,TADWORTH,KT20 6NN,Reigate and Banstead,Detached,,,,,,surrey-private-estates-2026-07-22-corrected-6,,,2250000,2006-12-08,reigate-banstead,A
lr-cf4b24411ef10f76429c,property:WILLOW HOUSE 4 EATON PARK ROAD COBHAM KT11 2JH|KT112JH,"WILLOW HOUSE, 4, EATON PARK ROAD, COBHAM, KT11 2JH","WILLOW HOUSE, 4",,EATON PARK ROAD,,COBHAM,KT11 2JH,Elmbridge,Detached,eaton-park,Eaton Park,A,traditional_private_estate,pe:eaton-park:eaton-park-road:whole,surrey-private-estates-2026-07-22-corrected-6,verified,ready,2275000,2006-12-05,elmbridge-prime,A
lr-5b26c35cefbea41a6fdc,property:8 FOX WOOD WALTON ON THAMES KT12 4BS|KT124BS,"8, FOX WOOD, WALTON-ON-THAMES, KT12 4BS",8,,FOX WOOD,,WALTON-ON-THAMES,KT12 4BS,Elmbridge,Detached,,,,,,surrey-private-estates-2026-07-22-corrected-6,,,2930000,2006-11-28,elmbridge-prime,A
lr-9ca736b8d77735c97bd6,property:APPLE TREE COTTAGE THE CHASE OXSHOTT LEATHERHEAD KT22 0HR|KT220HR,"APPLE TREE COTTAGE, THE CHASE, OXSHOTT, LEATHERHEAD, KT22 0HR",APPLE TREE COTTAGE,,THE CHASE,OXSHOTT,LEATHERHEAD,KT22 0HR,Elmbridge,Detached,knott-park,Knott Park,A,traditional_private_estate,pe:knott-park:the-chase:segment,surrey-private-estates-2026-07-22-corrected-6,verified,ready,2675000,2006-11-24,elmbridge-prime,A
lr-d2d1c0e95f3b99b5838b,property:FLAT 9 PARKHILL 5 ESHER PARK AVENUE ESHER KT10 9NP|KT109NP,"FLAT 9, PARKHILL, 5, ESHER PARK AVENUE, ESHER, KT10 9NP","PARKHILL, 5",FLAT 9,ESHER PARK AVENUE,,ESHER,KT10 9NP,Elmbridge,Flat Maisonette,,,,,,surrey-private-estates-2026-07-22-corrected-6,,,2100000,2006-11-24,elmbridge-prime,A
lr-a5c123f3026ff71df554,property:MOUNT HOUSE WAVERLEY DRIVE VIRGINIA WATER GU25 4PZ|GU254PZ,"MOUNT HOUSE, WAVERLEY DRIVE, VIRGINIA WATER, GU25 4PZ",MOUNT HOUSE,,WAVERLEY DRIVE,,VIRGINIA WATER,GU25 4PZ,Runnymede,Detached,wentworth-estate,Wentworth Estate,A,traditional_private_estate,pe:wentworth-estate:waverley-drive:whole,surrey-private-estates-2026-07-22-corrected-6,verified,partial_ready,7100000,2006-11-16,runnymede-wentworth,A
lr-d714be7d8e1d74d3ce11,property:MERLEWOOD 63 LODGE HILL ROAD LOWER BOURNE FARNHAM GU10 3RD|GU103RD,"MERLEWOOD, 63, LODGE HILL ROAD, LOWER BOURNE, FARNHAM, GU10 3RD","MERLEWOOD, 63",,LODGE HILL ROAD,LOWER BOURNE,FARNHAM,GU10 3RD,Waverley,Detached,,,,,,surrey-private-estates-2026-07-22-corrected-6,,,2300000,2006-11-16,waverley-south-surrey,A
lr-00078d0171dac4d094aa,property:THE GRANGE CLODHOUSE HILL WOKING GU22 0QS|GU220QS,"THE GRANGE, CLODHOUSE HILL, WOKING, GU22 0QS",THE GRANGE,,CLODHOUSE HILL,,WOKING,GU22 0QS,Woking,Detached,,,,,,surrey-private-estates-2026-07-22-corrected-6,,,2050000,2006-11-16,woking-district,A
lr-6593a61ae44f35825b21,property:SOMERSBURY MANOR SOMERSBURY LANE EWHURST CRANLEIGH GU6 7SR|GU67SR,"SOMERSBURY MANOR, SOMERSBURY LANE, EWHURST, CRANLEIGH, GU6 7SR",SOMERSBURY MANOR,,SOMERSBURY LANE,EWHURST,CRANLEIGH,GU6 7SR,Waverley,Detached,,,,,,surrey-private-estates-2026-07-22-corrected-6,,,2825000,2006-11-14,waverley-south-surrey,A
lr-c0e3c3b4c8e72566473c,property:STABLE COTTAGE VANN HOUSE FRIDAY STREET OCKLEY DORKING RH5 5TE|RH55TE,"STABLE COTTAGE, VANN HOUSE, FRIDAY STREET, OCKLEY, DORKING, RH5 5TE",VANN HOUSE,STABLE COTTAGE,FRIDAY STREET,OCKLEY,DORKING,RH5 5TE,Mole Valley,Detached,,,,,,surrey-private-estates-2026-07-22-corrected-6,,,2600000,2006-11-14,mole-valley,A
lr-40f3d315c49f0daa40dd,property:BELVEDERE HOUSE EATON PARK ROAD COBHAM KT11 2JJ|KT112JJ,"BELVEDERE HOUSE, EATON PARK ROAD, COBHAM, KT11 2JJ",BELVEDERE HOUSE,,EATON PARK ROAD,,COBHAM,KT11 2JJ,Elmbridge,Detached,eaton-park,Eaton Park,A,traditional_private_estate,pe:eaton-park:eaton-park-road:whole,surrey-private-estates-2026-07-22-corrected-6,verified,ready,2200000,2006-11-10,elmbridge-prime,A
lr-2421ae8750519d7ea668,property:HIGHCLERE HOUSE 11 WOLSEY ROAD EAST MOLESEY KT8 9EL|KT89EL,"HIGHCLERE HOUSE, 11, WOLSEY ROAD, EAST MOLESEY, KT8 9EL","HIGHCLERE HOUSE, 11",,WOLSEY ROAD,,EAST MOLESEY,KT8 9EL,Elmbridge,Detached,,,,,,surrey-private-estates-2026-07-22-corrected-6,,,6500000,2006-11-01,elmbridge-prime,A
lr-7452e5662f600f49e1c7,property:7 SANDOWN AVENUE ESHER KT10 9NT|KT109NT,"7, SANDOWN AVENUE, ESHER, KT10 9NT",7,,SANDOWN AVENUE,,ESHER,KT10 9NT,Elmbridge,Detached,,,,,,surrey-private-estates-2026-07-22-corrected-6,,,3250000,2006-10-31,elmbridge-prime,A
lr-0306d25ccfc7cf2a8efb,property:COPSE CLOSE WOODLANDS ROAD EAST VIRGINIA WATER GU25 4PH|GU254PH,"COPSE CLOSE, WOODLANDS ROAD EAST, VIRGINIA WATER, GU25 4PH",COPSE CLOSE,,WOODLANDS ROAD EAST,,VIRGINIA WATER,GU25 4PH,Runnymede,Detached,wentworth-estate,Wentworth Estate,A,traditional_private_estate,pe:wentworth-estate:woodlands-road-east:whole,surrey-private-estates-2026-07-22-corrected-6,verified,partial_ready,2650000,2006-10-30,runnymede-wentworth,A
lr-14b13bde2d14a7c94bc2,property:STEPSTILE MEADOW FLANCHFORD ROAD REIGATE RH2 8QZ|RH28QZ,"STEPSTILE MEADOW, FLANCHFORD ROAD, REIGATE, RH2 8QZ",STEPSTILE MEADOW,,FLANCHFORD ROAD,,REIGATE,RH2 8QZ,Reigate and Banstead,Detached,,,,,,surrey-private-estates-2026-07-22-corrected-6,,,3250000,2006-10-25,reigate-banstead,A
lr-14b075d7cd6859b5b8eb,property:GREYSTONES 14 BIRDS HILL DRIVE OXSHOTT LEATHERHEAD KT22 0SP|KT220SP,"GREYSTONES, 14, BIRDS HILL DRIVE, OXSHOTT, LEATHERHEAD, KT22 0SP","GREYSTONES, 14",,BIRDS HILL DRIVE,OXSHOTT,LEATHERHEAD,KT22 0SP,Elmbridge,Detached,crown-estate-oxshott,"Crown Estate, Oxshott",A,traditional_private_estate,pe:crown-estate-oxshott:birds-hill-drive:whole,surrey-private-estates-2026-07-22-corrected-6,verified_multi_source,partial_ready,4300000,2006-10-19,elmbridge-prime,A
lr-81f8aa8c92b14c693865,property:GRAYSHURST HIGHERCOMBE ROAD HASLEMERE GU27 2LH|GU272LH,"GRAYSHURST, HIGHERCOMBE ROAD, HASLEMERE, GU27 2LH",GRAYSHURST,,HIGHERCOMBE ROAD,,HASLEMERE,GU27 2LH,Waverley,Detached,,,,,,surrey-private-estates-2026-07-22-corrected-6,,,4300000,2006-10-18,waverley-south-surrey,A
lr-234321b089bcb1f29951,property:16 BLACKHILLS ESHER KT10 9JW|KT109JW,"16, BLACKHILLS, ESHER, KT10 9JW",16,,BLACKHILLS,,ESHER,KT10 9JW,Elmbridge,Detached,,,,,,surrey-private-estates-2026-07-22-corrected-6,,,3300000,2006-10-17,elmbridge-prime,A
lr-3ed8c7a3f8ef84cf0801,property:CHEQUERS CORNER HURST DRIVE WALTON ON THE HILL TADWORTH KT20 7QT|KT207QT,"CHEQUERS CORNER, HURST DRIVE, WALTON ON THE HILL, TADWORTH, KT20 7QT",CHEQUERS CORNER,,HURST DRIVE,WALTON ON THE HILL,TADWORTH,KT20 7QT,Reigate and Banstead,Detached,,,,,,surrey-private-estates-2026-07-22-corrected-6,,,2175000,2006-10-12,reigate-banstead,A
lr-eee815bc63cdcbca1d86,property:58 CRANLEY ROAD HERSHAM WALTON ON THAMES KT12 5BS|KT125BS,"58, CRANLEY ROAD, HERSHAM, WALTON-ON-THAMES, KT12 5BS",58,,CRANLEY ROAD,HERSHAM,WALTON-ON-THAMES,KT12 5BS,Elmbridge,Detached,burwood-park,Burwood Park,A,traditional_private_estate,pe:burwood-park:cranley-road:whole,surrey-private-estates-2026-07-22-corrected-6,verified,ready,2850000,2006-10-10,elmbridge-prime,A
lr-864ad63fec5f710aeb50,property:PLOT 3 HILL HOUSE 7 BIRDS HILL DRIVE OXSHOTT LEATHERHEAD KT22 0SP|KT220SP,"PLOT 3, HILL HOUSE, 7, BIRDS HILL DRIVE, OXSHOTT, LEATHERHEAD, KT22 0SP","HILL HOUSE, 7",PLOT 3,BIRDS HILL DRIVE,OXSHOTT,LEATHERHEAD,KT22 0SP,Elmbridge,Detached,crown-estate-oxshott,"Crown Estate, Oxshott",A,traditional_private_estate,pe:crown-estate-oxshott:birds-hill-drive:whole,surrey-private-estates-2026-07-22-corrected-6,verified_multi_source,partial_ready,2250000,2006-10-06,elmbridge-prime,A
lr-61164219d759aaad8e7d,property:LITTLEWOOD EAST DRIVE VIRGINIA WATER GU25 4JY|GU254JY,"LITTLEWOOD, EAST DRIVE, VIRGINIA WATER, GU25 4JY",LITTLEWOOD,,EAST DRIVE,,VIRGINIA WATER,GU25 4JY,Runnymede,Detached,wentworth-estate,Wentworth Estate,A,traditional_private_estate,pe:wentworth-estate:east-drive:whole,surrey-private-estates-2026-07-22-corrected-6,verified,partial_ready,6450000,2006-10-04,runnymede-wentworth,A
lr-1611b109a3568afe1158,property:MORNINGSIDE 6 CLAREMONT PARK ROAD ESHER KT10 9LT|KT109LT,"MORNINGSIDE, 6, CLAREMONT PARK ROAD, ESHER, KT10 9LT","MORNINGSIDE, 6",,CLAREMONT PARK ROAD,,ESHER,KT10 9LT,Elmbridge,Detached,,,,,,surrey-private-estates-2026-07-22-corrected-6,,,4400000,2006-10-03,elmbridge-prime,A
lr-707944a6d86d4d2d7865,property:COMPTON HOUSE FAIRMILE PARK ROAD COBHAM KT11 2PG|KT112PG,"COMPTON HOUSE, FAIRMILE PARK ROAD, COBHAM, KT11 2PG",COMPTON HOUSE,,FAIRMILE PARK ROAD,,COBHAM,KT11 2PG,Elmbridge,Detached,,,,,,surrey-private-estates-2026-07-22-corrected-6,,,3850000,2006-09-29,elmbridge-prime,A
lr-17f3eefac63f17efa9e7,property:22 BIRDS HILL DRIVE OXSHOTT LEATHERHEAD KT22 0SP|KT220SP,"22, BIRDS HILL DRIVE, OXSHOTT, LEATHERHEAD, KT22 0SP",22,,BIRDS HILL DRIVE,OXSHOTT,LEATHERHEAD,KT22 0SP,Elmbridge,Detached,crown-estate-oxshott,"Crown Estate, Oxshott",A,traditional_private_estate,pe:crown-estate-oxshott:birds-hill-drive:whole,surrey-private-estates-2026-07-22-corrected-6,verified_multi_source,partial_ready,2350000,2006-09-25,elmbridge-prime,A
lr-07d147e3900dea36facf,property:GREAT ENTON ENTON GODALMING GU8 5AH|GU85AH,"GREAT ENTON, ENTON, GODALMING, GU8 5AH",GREAT ENTON,,,ENTON,GODALMING,GU8 5AH,Waverley,Detached,,,,,,surrey-private-estates-2026-07-22-corrected-6,,,2000000,2006-09-25,waverley-south-surrey,A
lr-a5f80a96027abea013db,property:TENNINGSHOOK SUTTON PLACE ABINGER HAMMER DORKING RH5 6RP|RH56RP,"TENNINGSHOOK, SUTTON PLACE, ABINGER HAMMER, DORKING, RH5 6RP",TENNINGSHOOK,,SUTTON PLACE,ABINGER HAMMER,DORKING,RH5 6RP,Guildford,Detached,,,,,,surrey-private-estates-2026-07-22-corrected-6,,,2000000,2006-09-21,guildford-district,A
lr-78c121dd19f50a74de86,property:6 THE BARTON COBHAM KT11 2NJ|KT112NJ,"6, THE BARTON, COBHAM, KT11 2NJ",6,,THE BARTON,,COBHAM,KT11 2NJ,Elmbridge,Detached,,,,,,surrey-private-estates-2026-07-22-corrected-6,,,2450000,2006-09-20,elmbridge-prime,A
lr-21ec19f1d95a4bfe2720,property:8 LEYS ROAD OXSHOTT LEATHERHEAD KT22 0QE|KT220QE,"8, LEYS ROAD, OXSHOTT, LEATHERHEAD, KT22 0QE",8,,LEYS ROAD,OXSHOTT,LEATHERHEAD,KT22 0QE,Elmbridge,Detached,crown-estate-oxshott,"Crown Estate, Oxshott",A,traditional_private_estate,pe:crown-estate-oxshott:leys-road:whole,surrey-private-estates-2026-07-22-corrected-6,verified_multi_source,partial_ready,2850000,2006-09-08,elmbridge-prime,A
lr-e1c5f411fd1c58504c14,property:ELLESMERE HILL HOUSE DRIVE WEYBRIDGE KT13 0NQ|KT130NQ,"ELLESMERE, HILL HOUSE DRIVE, WEYBRIDGE, KT13 0NQ",ELLESMERE,,HILL HOUSE DRIVE,,WEYBRIDGE,KT13 0NQ,Elmbridge,Detached,st-georges-hill,St George's Hill,A,traditional_private_estate,pe:st-georges-hill:hill-house-drive:whole,surrey-private-estates-2026-07-22-corrected-6,verified,partial_ready,5500000,2006-09-07,elmbridge-prime,A
lr-cd5a90ae97fc5ba7769e,property:7 ASHLEY RISE WALTON ON THAMES KT12 1NE|KT121NE,"7, ASHLEY RISE, WALTON-ON-THAMES, KT12 1NE",7,,ASHLEY RISE,,WALTON-ON-THAMES,KT12 1NE,Elmbridge,Detached,,,,,,surrey-private-estates-2026-07-22-corrected-6,,,2250000,2006-09-07,elmbridge-prime,A
lr-68a83ec7e62487563367,property:SLEEPY HOLLOW POOK HILL CHIDDINGFOLD GODALMING GU8 4XR|GU84XR,"SLEEPY HOLLOW, POOK HILL, CHIDDINGFOLD, GODALMING, GU8 4XR",SLEEPY HOLLOW,,POOK HILL,CHIDDINGFOLD,GODALMING,GU8 4XR,Waverley,Detached,,,,,,surrey-private-estates-2026-07-22-corrected-6,,,2850000,2006-09-06,waverley-south-surrey,A
lr-00724afd13f3b7efd9cd,property:PARK HILL MUNSTEAD HEATH ROAD GODALMING GU8 4AR|GU84AR,"PARK HILL, MUNSTEAD HEATH ROAD, GODALMING, GU8 4AR",PARK HILL,,MUNSTEAD HEATH ROAD,,GODALMING,GU8 4AR,Waverley,Detached,,,,,,surrey-private-estates-2026-07-22-corrected-6,,,2300000,2006-09-06,waverley-south-surrey,A
lr-c88726698254038c79b3,property:BEES ACRES BERRY LANE WORPLESDON GUILDFORD GU3 3QF|GU33QF,"BEES ACRES, BERRY LANE, WORPLESDON, GUILDFORD, GU3 3QF",BEES ACRES,,BERRY LANE,WORPLESDON,GUILDFORD,GU3 3QF,Woking,Detached,,,,,,surrey-private-estates-2026-07-22-corrected-6,,,2300000,2006-09-01,woking-district,A
lr-b9fd1b92fa077c5e6b28,property:2 ABBOTSWOOD DRIVE WEYBRIDGE KT13 0LT|KT130LT,"2, ABBOTSWOOD DRIVE, WEYBRIDGE, KT13 0LT",2,,ABBOTSWOOD DRIVE,,WEYBRIDGE,KT13 0LT,Elmbridge,Detached,st-georges-hill,St George's Hill,A,traditional_private_estate,pe:st-georges-hill:abbotswood-drive:whole,surrey-private-estates-2026-07-22-corrected-6,verified,partial_ready,2285000,2006-09-01,elmbridge-prime,A
lr-c75578fcc6ed9a322472,property:CHARTERS SOUTH RIDGE WEYBRIDGE KT13 0NF|KT130NF,"CHARTERS, SOUTH RIDGE, WEYBRIDGE, KT13 0NF",CHARTERS,,SOUTH RIDGE,,WEYBRIDGE,KT13 0NF,Elmbridge,Detached,st-georges-hill,St George's Hill,A,traditional_private_estate,pe:st-georges-hill:south-ridge:whole,surrey-private-estates-2026-07-22-corrected-6,verified,partial_ready,6000000,2006-08-31,elmbridge-prime,A
lr-49a70c414c65819feb8c,property:LITTLE PORTNALL NORTH DRIVE VIRGINIA WATER GU25 4NQ|GU254NQ,"LITTLE PORTNALL, NORTH DRIVE, VIRGINIA WATER, GU25 4NQ",LITTLE PORTNALL,,NORTH DRIVE,,VIRGINIA WATER,GU25 4NQ,Runnymede,Detached,wentworth-estate,Wentworth Estate,A,traditional_private_estate,pe:wentworth-estate:north-drive:whole,surrey-private-estates-2026-07-22-corrected-6,verified,partial_ready,3750000,2006-08-31,runnymede-wentworth,A
lr-61d6776be12d5871030e,property:TAVISTOCK QUEENS DRIVE OXSHOTT LEATHERHEAD KT22 0PB|KT220PB,"TAVISTOCK, QUEENS DRIVE, OXSHOTT, LEATHERHEAD, KT22 0PB",TAVISTOCK,,QUEENS DRIVE,OXSHOTT,LEATHERHEAD,KT22 0PB,Elmbridge,Detached,crown-estate-oxshott,"Crown Estate, Oxshott",A,traditional_private_estate,pe:crown-estate-oxshott:queens-drive:whole,surrey-private-estates-2026-07-22-corrected-6,verified_multi_source,partial_ready,2200000,2006-08-23,elmbridge-prime,A
lr-3ee0b11b69ad8627d05d,property:71 ONSLOW ROAD HERSHAM WALTON ON THAMES KT12 5AZ|KT125AZ,"71, ONSLOW ROAD, HERSHAM, WALTON-ON-THAMES, KT12 5AZ",71,,ONSLOW ROAD,HERSHAM,WALTON-ON-THAMES,KT12 5AZ,Elmbridge,Detached,burwood-park,Burwood Park,A,traditional_private_estate,pe:burwood-park:onslow-road:whole,surrey-private-estates-2026-07-22-corrected-6,verified,ready,2000000,2006-08-22,elmbridge-prime,A
lr-6c491524a78a1552f214,property:HATCHFORD HALL OCKHAM LANE COBHAM KT11 1LP|KT111LP,"HATCHFORD HALL, OCKHAM LANE, COBHAM, KT11 1LP",HATCHFORD HALL,,OCKHAM LANE,,COBHAM,KT11 1LP,Elmbridge,Detached,,,,,,surrey-private-estates-2026-07-22-corrected-6,,,3200000,2006-08-18,elmbridge-prime,A
lr-4068efef0f6c4dec4d3a,property:92 SILVERDALE AVENUE WALTON ON THAMES KT12 1EJ|KT121EJ,"92, SILVERDALE AVENUE, WALTON-ON-THAMES, KT12 1EJ",92,,SILVERDALE AVENUE,,WALTON-ON-THAMES,KT12 1EJ,Elmbridge,Detached,,,,,,surrey-private-estates-2026-07-22-corrected-6,,,2000000,2006-08-15,elmbridge-prime,A
lr-f271ca50bdfa850dbf35,property:RADLEIGH HOUSE RAVENSCROFT ROAD WEYBRIDGE KT13 0NX|KT130NX,"RADLEIGH HOUSE, RAVENSCROFT ROAD, WEYBRIDGE, KT13 0NX",RADLEIGH HOUSE,,RAVENSCROFT ROAD,,WEYBRIDGE,KT13 0NX,Elmbridge,Detached,st-georges-hill,St George's Hill,A,traditional_private_estate,pe:st-georges-hill:ravenscroft-road:whole,surrey-private-estates-2026-07-22-corrected-6,verified,partial_ready,3800000,2006-08-07,elmbridge-prime,A
lr-185fa878822e06ea0b9d,property:WESTBOURN PINEWOOD ROAD VIRGINIA WATER GU25 4PY|GU254PY,"WESTBOURN, PINEWOOD ROAD, VIRGINIA WATER, GU25 4PY",WESTBOURN,,PINEWOOD ROAD,,VIRGINIA WATER,GU25 4PY,Runnymede,Detached,wentworth-estate,Wentworth Estate,A,traditional_private_estate,pe:wentworth-estate:pinewood-road:whole,surrey-private-estates-2026-07-22-corrected-6,verified,partial_ready,3500000,2006-08-04,runnymede-wentworth,A
lr-89aa52aa1579c06e83ad,property:BROOMFIELD HOUSE WESTWOOD ROAD WINDLESHAM GU20 6LW|GU206LW,"BROOMFIELD HOUSE, WESTWOOD ROAD, WINDLESHAM, GU20 6LW",BROOMFIELD HOUSE,,WESTWOOD ROAD,,WINDLESHAM,GU20 6LW,Surrey Heath,Detached,,,,,,surrey-private-estates-2026-07-22-corrected-6,,,3125000,2006-08-03,surrey-heath,A
lr-e6bbc23ee09eb03551b1,property:18 ICKLINGHAM ROAD COBHAM KT11 2NQ|KT112NQ,"18, ICKLINGHAM ROAD, COBHAM, KT11 2NQ",18,,ICKLINGHAM ROAD,,COBHAM,KT11 2NQ,Elmbridge,Detached,,,,,,surrey-private-estates-2026-07-22-corrected-6,,,2100000,2006-07-28,elmbridge-prime,A
lr-52a227d37158417c8336,property:19 EATON PARK COBHAM KT11 2JF|KT112JF,"19, EATON PARK, COBHAM, KT11 2JF",19,,EATON PARK,,COBHAM,KT11 2JF,Elmbridge,Detached,eaton-park,Eaton Park,A,traditional_private_estate,pe:eaton-park:eaton-park:whole,surrey-private-estates-2026-07-22-corrected-6,verified,ready,2850000,2006-07-27,elmbridge-prime,A
lr-f932606de1645e7a9ec3,property:6 KINGS WARREN OXSHOTT LEATHERHEAD KT22 0PE|KT220PE,"6, KINGS WARREN, OXSHOTT, LEATHERHEAD, KT22 0PE",6,,KINGS WARREN,OXSHOTT,LEATHERHEAD,KT22 0PE,Elmbridge,Detached,crown-estate-oxshott,"Crown Estate, Oxshott",A,traditional_private_estate,pe:crown-estate-oxshott:kings-warren:whole,surrey-private-estates-2026-07-22-corrected-6,verified_multi_source,partial_ready,2675000,2006-07-27,elmbridge-prime,A
lr-df721675eb72094735c9,property:SUMMERS THE STREET WEST CLANDON GUILDFORD GU4 7SY|GU47SY,"SUMMERS, THE STREET, WEST CLANDON, GUILDFORD, GU4 7SY",SUMMERS,,THE STREET,WEST CLANDON,GUILDFORD,GU4 7SY,Guildford,Detached,,,,,,surrey-private-estates-2026-07-22-corrected-6,,,3100000,2006-07-24,guildford-district,A
lr-afb8e49344f6d3b810f0,property:WOODHAY SUNNINGHILL ROAD WINDLESHAM GU20 6PP|GU206PP,"WOODHAY, SUNNINGHILL ROAD, WINDLESHAM, GU20 6PP",WOODHAY,,SUNNINGHILL ROAD,,WINDLESHAM,GU20 6PP,Surrey Heath,Detached,,,,,,surrey-private-estates-2026-07-22-corrected-6,,,7400000,2006-07-21,surrey-heath,A
lr-8c870fbb2d94ee2019e4,property:10 VIRGINIA DRIVE VIRGINIA WATER GU25 4RX|GU254RX,"10, VIRGINIA DRIVE, VIRGINIA WATER, GU25 4RX",10,,VIRGINIA DRIVE,,VIRGINIA WATER,GU25 4RX,Runnymede,Detached,wentworth-estate,Wentworth Estate,A,traditional_private_estate,pe:wentworth-estate:virginia-drive:whole,surrey-private-estates-2026-07-22-corrected-6,verified,partial_ready,2125000,2006-07-19,runnymede-wentworth,A
lr-59e92ffd971aa0609bc6,property:WARREN MERE WARRENERS LANE WEYBRIDGE KT13 0LH|KT130LH,"WARREN MERE, WARRENERS LANE, WEYBRIDGE, KT13 0LH",WARREN MERE,,WARRENERS LANE,,WEYBRIDGE,KT13 0LH,Elmbridge,Detached,st-georges-hill,St George's Hill,A,traditional_private_estate,pe:st-georges-hill:warreners-lane:whole,surrey-private-estates-2026-07-22-corrected-6,verified,partial_ready,4050000,2006-07-17,elmbridge-prime,A
lr-84c67638898accb6078b,property:SYLVESTER COTTAGE RIDGEMEAD ROAD ENGLEFIELD GREEN EGHAM TW20 0YG|TW200YG,"SYLVESTER COTTAGE, RIDGEMEAD ROAD, ENGLEFIELD GREEN, EGHAM, TW20 0YG",SYLVESTER COTTAGE,,RIDGEMEAD ROAD,ENGLEFIELD GREEN,EGHAM,TW20 0YG,Runnymede,Detached,,,,,,surrey-private-estates-2026-07-22-corrected-6,,,2550000,2006-07-14,runnymede-wentworth,A
lr-ec7db1b427e062ad7870,property:SANDCASTLE EYHURST CLOSE KINGSWOOD TADWORTH KT20 6NR|KT206NR,"SANDCASTLE, EYHURST CLOSE, KINGSWOOD, TADWORTH, KT20 6NR",SANDCASTLE,,EYHURST CLOSE,KINGSWOOD,TADWORTH,KT20 6NR,Reigate and Banstead,Detached,,,,,,surrey-private-estates-2026-07-22-corrected-6,,,2445000,2006-07-14,reigate-banstead,A
lr-9ab7aa32167372366fec,property:ONDINE TOR LANE WEYBRIDGE KT13 0NS|KT130NS,"ONDINE, TOR LANE, WEYBRIDGE, KT13 0NS",ONDINE,,TOR LANE,,WEYBRIDGE,KT13 0NS,Elmbridge,Detached,st-georges-hill,St George's Hill,A,traditional_private_estate,pe:st-georges-hill:tor-lane:whole,surrey-private-estates-2026-07-22-corrected-6,verified,partial_ready,2275000,2006-07-14,elmbridge-prime,A
lr-ec82655e4e10a98266ac,property:WALDEGRAVE HOUSE RODONA ROAD WEYBRIDGE KT13 0NP|KT130NP,"WALDEGRAVE HOUSE, RODONA ROAD, WEYBRIDGE, KT13 0NP",WALDEGRAVE HOUSE,,RODONA ROAD,,WEYBRIDGE,KT13 0NP,Elmbridge,Detached,st-georges-hill,St George's Hill,A,traditional_private_estate,pe:st-georges-hill:rodona-road:whole,surrey-private-estates-2026-07-22-corrected-6,verified,partial_ready,2000000,2006-07-14,elmbridge-prime,A
lr-ecdacf1e2444ea9fa75f,property:HAM MANOR MILL ROAD COBHAM KT11 3AL|KT113AL,"HAM MANOR, MILL ROAD, COBHAM, KT11 3AL",HAM MANOR,,MILL ROAD,,COBHAM,KT11 3AL,Elmbridge,Detached,,,,,,surrey-private-estates-2026-07-22-corrected-6,,,2775000,2006-07-11,elmbridge-prime,A
lr-09585e632a664ef1c79c,property:DUNSFOLD RYSE HIGH STREET GREEN CHIDDINGFOLD GODALMING GU8 4YA|GU84YA,"DUNSFOLD RYSE, HIGH STREET GREEN, CHIDDINGFOLD, GODALMING, GU8 4YA",DUNSFOLD RYSE,,HIGH STREET GREEN,CHIDDINGFOLD,GODALMING,GU8 4YA,Waverley,Detached,,,,,,surrey-private-estates-2026-07-22-corrected-6,,,3268000,2006-07-10,waverley-south-surrey,A
lr-03fcf88f313d9c65f808,property:21 EATON PARK ROAD COBHAM KT11 2JJ|KT112JJ,"21, EATON PARK ROAD, COBHAM, KT11 2JJ",21,,EATON PARK ROAD,,COBHAM,KT11 2JJ,Elmbridge,Detached,eaton-park,Eaton Park,A,traditional_private_estate,pe:eaton-park:eaton-park-road:whole,surrey-private-estates-2026-07-22-corrected-6,verified,ready,2500000,2006-07-10,elmbridge-prime,A
lr-0c4629c8a0e2a0d2b498,property:CHESTNUT HOUSE GORSE HILL ROAD VIRGINIA WATER GU25 4AS|GU254AS,"CHESTNUT HOUSE, GORSE HILL ROAD, VIRGINIA WATER, GU25 4AS",CHESTNUT HOUSE,,GORSE HILL ROAD,,VIRGINIA WATER,GU25 4AS,Runnymede,Detached,,,,,,surrey-private-estates-2026-07-22-corrected-6,,,2250000,2006-07-06,runnymede-wentworth,A
lr-768e8c6f8fe39bcc25b4,property:22 MEADWAY ESHER KT10 9HF|KT109HF,"22, MEADWAY, ESHER, KT10 9HF",22,,MEADWAY,,ESHER,KT10 9HF,Elmbridge,Detached,,,,,,surrey-private-estates-2026-07-22-corrected-6,,,3275000,2006-07-05,elmbridge-prime,A
lr-0ecad1522d6e362478ce,property:25 ICKLINGHAM ROAD COBHAM KT11 2NQ|KT112NQ,"25, ICKLINGHAM ROAD, COBHAM, KT11 2NQ",25,,ICKLINGHAM ROAD,,COBHAM,KT11 2NQ,Elmbridge,Detached,,,,,,surrey-private-estates-2026-07-22-corrected-6,,,2500000,2006-06-30,elmbridge-prime,A
lr-d7b571e2ffe535faef50,property:RIDGEWAY HOUSE RUNWICK FARNHAM GU10 5EE|GU105EE,"RIDGEWAY HOUSE, RUNWICK, FARNHAM, GU10 5EE",RIDGEWAY HOUSE,,,RUNWICK,FARNHAM,GU10 5EE,Waverley,Detached,,,,,,surrey-private-estates-2026-07-22-corrected-6,,,2400000,2006-06-30,waverley-south-surrey,A
lr-2c9a5fb87c0cce029de0,property:PARK FARM DOWNSIDE ROAD DOWNSIDE COBHAM KT11 3LZ|KT113LZ,"PARK FARM, DOWNSIDE ROAD, DOWNSIDE, COBHAM, KT11 3LZ",PARK FARM,,DOWNSIDE ROAD,DOWNSIDE,COBHAM,KT11 3LZ,Elmbridge,Detached,,,,,,surrey-private-estates-2026-07-22-corrected-6,,,2400000,2006-06-30,elmbridge-prime,A
lr-d5a8c47b3202c7100a26,property:18 THE BARTON COBHAM KT11 2NJ|KT112NJ,"18, THE BARTON, COBHAM, KT11 2NJ",18,,THE BARTON,,COBHAM,KT11 2NJ,Elmbridge,Detached,,,,,,surrey-private-estates-2026-07-22-corrected-6,,,2395000,2006-06-30,elmbridge-prime,A
lr-96b091b7b779883ffea2,property:AURORA LINDEN ROAD WEYBRIDGE KT13 0QW|KT130QW,"AURORA, LINDEN ROAD, WEYBRIDGE, KT13 0QW",AURORA,,LINDEN ROAD,,WEYBRIDGE,KT13 0QW,Elmbridge,Detached,st-georges-hill,St George's Hill,A,traditional_private_estate,pe:st-georges-hill:linden-road:whole,surrey-private-estates-2026-07-22-corrected-6,verified,partial_ready,2269330,2006-06-29,elmbridge-prime,A
lr-eadd812ddf9930fbaf4f,property:PINE HILL GRANVILLE ROAD WEYBRIDGE KT13 0QL|KT130QL,"PINE HILL, GRANVILLE ROAD, WEYBRIDGE, KT13 0QL",PINE HILL,,GRANVILLE ROAD,,WEYBRIDGE,KT13 0QL,Elmbridge,Detached,st-georges-hill,St George's Hill,A,traditional_private_estate,pe:st-georges-hill:granville-road:whole,surrey-private-estates-2026-07-22-corrected-6,verified,partial_ready,4725000,2006-06-27,elmbridge-prime,A
lr-5979e828e02ae6073629,property:DANA SOUTH ROAD ST GEORGES HILL WEYBRIDGE KT13 0NA|KT130NA,"DANA, SOUTH ROAD, ST GEORGES HILL, WEYBRIDGE, KT13 0NA",DANA,,SOUTH ROAD,ST GEORGES HILL,WEYBRIDGE,KT13 0NA,Elmbridge,Detached,st-georges-hill,St George's Hill,A,traditional_private_estate,pe:st-georges-hill:south-road:whole,surrey-private-estates-2026-07-22-corrected-6,verified,partial_ready,2800000,2006-06-27,elmbridge-prime,A
lr-428829e25624d00998af,property:9 CRANLEY ROAD HERSHAM WALTON ON THAMES KT12 5BX|KT125BX,"9, CRANLEY ROAD, HERSHAM, WALTON-ON-THAMES, KT12 5BX",9,,CRANLEY ROAD,HERSHAM,WALTON-ON-THAMES,KT12 5BX,Elmbridge,Detached,burwood-park,Burwood Park,A,traditional_private_estate,pe:burwood-park:cranley-road:whole,surrey-private-estates-2026-07-22-corrected-6,verified,ready,2425000,2006-06-22,elmbridge-prime,A
lr-c930509a270716e519f6,property:BRAESIDE THE WARREN EAST HORSLEY LEATHERHEAD KT24 5RH|KT245RH,"BRAESIDE, THE WARREN, EAST HORSLEY, LEATHERHEAD, KT24 5RH",BRAESIDE,,THE WARREN,EAST HORSLEY,LEATHERHEAD,KT24 5RH,Guildford,Detached,,,,,,surrey-private-estates-2026-07-22-corrected-6,,,3103900,2006-06-21,guildford-district,A
lr-bd1612541f7a39642718,property:WOODLANDS CAVENDISH ROAD WEYBRIDGE KT13 0JY|KT130JY,"WOODLANDS, CAVENDISH ROAD, WEYBRIDGE, KT13 0JY",WOODLANDS,,CAVENDISH ROAD,,WEYBRIDGE,KT13 0JY,Elmbridge,Detached,st-georges-hill,St George's Hill,A,traditional_private_estate,pe:st-georges-hill:cavendish-road:whole,surrey-private-estates-2026-07-22-corrected-6,verified,partial_ready,3000000,2006-06-20,elmbridge-prime,A
lr-ad653e1e5676615e926d,property:COPSE HOUSE CHURCH LANE BROOK GODALMING GU8 5UQ|GU85UQ,"COPSE HOUSE, CHURCH LANE, BROOK, GODALMING, GU8 5UQ",COPSE HOUSE,,CHURCH LANE,BROOK,GODALMING,GU8 5UQ,Waverley,Detached,,,,,,surrey-private-estates-2026-07-22-corrected-6,,,2280000,2006-06-15,waverley-south-surrey,A
lr-24e08a40a110f14bec42,property:KINGS CHASE QUEENS DRIVE OXSHOTT LEATHERHEAD KT22 0PF|KT220PF,"KINGS CHASE, QUEENS DRIVE, OXSHOTT, LEATHERHEAD, KT22 0PF",KINGS CHASE,,QUEENS DRIVE,OXSHOTT,LEATHERHEAD,KT22 0PF,Elmbridge,Detached,crown-estate-oxshott,"Crown Estate, Oxshott",A,traditional_private_estate,pe:crown-estate-oxshott:queens-drive:whole,surrey-private-estates-2026-07-22-corrected-6,verified_multi_source,partial_ready,4500000,2006-06-14,elmbridge-prime,A
lr-0683756d5e2012aedb54,property:3 MANOR HOUSE DRIVE HERSHAM WALTON ON THAMES KT12 5DF|KT125DF,"3, MANOR HOUSE DRIVE, HERSHAM, WALTON-ON-THAMES, KT12 5DF",3,,MANOR HOUSE DRIVE,HERSHAM,WALTON-ON-THAMES,KT12 5DF,Elmbridge,Detached,burwood-park,Burwood Park,A,traditional_private_estate,pe:burwood-park:manor-house-drive:whole,surrey-private-estates-2026-07-22-corrected-6,verified,ready,2000000,2006-06-14,elmbridge-prime,A
lr-2ec891e0d1c564210ff6,property:6A EATON PARK COBHAM KT11 2JE|KT112JE,"6A, EATON PARK, COBHAM, KT11 2JE",6A,,EATON PARK,,COBHAM,KT11 2JE,Elmbridge,Detached,eaton-park,Eaton Park,A,traditional_private_estate,pe:eaton-park:eaton-park:whole,surrey-private-estates-2026-07-22-corrected-6,verified,ready,2400000,2006-06-12,elmbridge-prime,A
lr-709c72fd96a60060ecc5,property:21A FAIRMILE AVENUE COBHAM KT11 2JA|KT112JA,"21A, FAIRMILE AVENUE, COBHAM, KT11 2JA",21A,,FAIRMILE AVENUE,,COBHAM,KT11 2JA,Elmbridge,Detached,eaton-park,Eaton Park,A,traditional_private_estate,pe:eaton-park:fairmile-avenue:whole,surrey-private-estates-2026-07-22-corrected-6,verified,ready,2000000,2006-06-09,elmbridge-prime,A
lr-3b44eb91b7c685d51ef4,property:YORK HOUSE 12 BLACKHILLS ESHER KT10 9JW|KT109JW,"YORK HOUSE, 12, BLACKHILLS, ESHER, KT10 9JW","YORK HOUSE, 12",,BLACKHILLS,,ESHER,KT10 9JW,Elmbridge,Detached,,,,,,surrey-private-estates-2026-07-22-corrected-6,,,2525000,2006-06-08,elmbridge-prime,A
lr-0325736c2b85b49adca2,property:39 BLACKHILLS ESHER KT10 9JW|KT109JW,"39, BLACKHILLS, ESHER, KT10 9JW",39,,BLACKHILLS,,ESHER,KT10 9JW,Elmbridge,Detached,,,,,,surrey-private-estates-2026-07-22-corrected-6,,,2060000,2006-06-08,elmbridge-prime,A
lr-8f7576b9e6fd94e771e9,property:47 BROADWATER ROAD SOUTH HERSHAM WALTON ON THAMES KT12 5DE|KT125DE,"47, BROADWATER ROAD SOUTH, HERSHAM, WALTON-ON-THAMES, KT12 5DE",47,,BROADWATER ROAD SOUTH,HERSHAM,WALTON-ON-THAMES,KT12 5DE,Elmbridge,Detached,burwood-park,Burwood Park,A,traditional_private_estate,pe:burwood-park:broadwater-road-south:whole,surrey-private-estates-2026-07-22-corrected-6,verified,ready,2300000,2006-06-05,elmbridge-prime,A
lr-e8caae0e801c40f163fa,property:MOONRIDGE STAYNE END VIRGINIA WATER GU25 4PB|GU254PB,"MOONRIDGE, STAYNE END, VIRGINIA WATER, GU25 4PB",MOONRIDGE,,STAYNE END,,VIRGINIA WATER,GU25 4PB,Runnymede,Detached,wentworth-estate,Wentworth Estate,A,traditional_private_estate,pe:wentworth-estate:stayne-end:whole,surrey-private-estates-2026-07-22-corrected-6,verified,partial_ready,4500000,2006-06-02,runnymede-wentworth,A
lr-ba679ce7dfc7b75e7197,property:SANDELLS HOUSE CLIFTONS LANE REIGATE RH2 9RA|RH29RA,"SANDELLS HOUSE, CLIFTONS LANE, REIGATE, RH2 9RA",SANDELLS HOUSE,,CLIFTONS LANE,,REIGATE,RH2 9RA,Reigate and Banstead,Detached,,,,,,surrey-private-estates-2026-07-22-corrected-6,,,3250000,2006-05-31,reigate-banstead,A
lr-34a37591f0786379d51e,property:EASTDALE EAST ROAD WEYBRIDGE KT13 0LF|KT130LF,"EASTDALE, EAST ROAD, WEYBRIDGE, KT13 0LF",EASTDALE,,EAST ROAD,,WEYBRIDGE,KT13 0LF,Elmbridge,Detached,st-georges-hill,St George's Hill,A,traditional_private_estate,pe:st-georges-hill:east-road:whole,surrey-private-estates-2026-07-22-corrected-6,verified,partial_ready,2400000,2006-05-26,elmbridge-prime,A
lr-64c7234a89621c15a1dc,property:30 FAIRMILE AVENUE COBHAM KT11 2JB|KT112JB,"30, FAIRMILE AVENUE, COBHAM, KT11 2JB",30,,FAIRMILE AVENUE,,COBHAM,KT11 2JB,Elmbridge,Detached,eaton-park,Eaton Park,A,traditional_private_estate,pe:eaton-park:fairmile-avenue:whole,surrey-private-estates-2026-07-22-corrected-6,verified,ready,2050000,2006-05-19,elmbridge-prime,A
lr-14ef155a3b730bc8c1aa,property:FORTUNE MANOR OLD AVENUE WEYBRIDGE KT13 0QB|KT130QB,"FORTUNE MANOR, OLD AVENUE, WEYBRIDGE, KT13 0QB",FORTUNE MANOR,,OLD AVENUE,,WEYBRIDGE,KT13 0QB,Elmbridge,Detached,,,,,,surrey-private-estates-2026-07-22-corrected-6,,,3000000,2006-05-18,elmbridge-prime,A
lr-4bab29e4c2b3a5cbda40,property:10 HAREBELL HILL COBHAM KT11 2RS|KT112RS,"10, HAREBELL HILL, COBHAM, KT11 2RS",10,,HAREBELL HILL,,COBHAM,KT11 2RS,Elmbridge,Detached,oxshott-way-estate,Oxshott Way Estate,A,traditional_private_estate,pe:oxshott-way-estate:harebell-hill:whole,surrey-private-estates-2026-07-22-corrected-6,verified,ready,2950000,2006-05-16,elmbridge-prime,A
lr-ba0eef1c2ad2106e8547,property:TANGLEY WEST ROAD WEYBRIDGE KT13 0LZ|KT130LZ,"TANGLEY, WEST ROAD, WEYBRIDGE, KT13 0LZ",TANGLEY,,WEST ROAD,,WEYBRIDGE,KT13 0LZ,Elmbridge,Detached,st-georges-hill,St George's Hill,A,traditional_private_estate,pe:st-georges-hill:west-road:whole,surrey-private-estates-2026-07-22-corrected-6,verified,partial_ready,3000000,2006-05-12,elmbridge-prime,A
lr-ea0c730a261954bd1293,property:BRAMBLETYE OLD AVENUE WEYBRIDGE KT13 0QA|KT130QA,"BRAMBLETYE, OLD AVENUE, WEYBRIDGE, KT13 0QA",BRAMBLETYE,,OLD AVENUE,,WEYBRIDGE,KT13 0QA,Elmbridge,Detached,,,,,,surrey-private-estates-2026-07-22-corrected-6,,,3100000,2006-05-05,elmbridge-prime,A
lr-3e576510f1187593ebaa,property:AMBRA WEST ROAD ST GEORGES HILL WEYBRIDGE KT13 0LZ|KT130LZ,"AMBRA, WEST ROAD, ST GEORGES HILL, WEYBRIDGE, KT13 0LZ",AMBRA,,WEST ROAD,ST GEORGES HILL,WEYBRIDGE,KT13 0LZ,Elmbridge,Detached,st-georges-hill,St George's Hill,A,traditional_private_estate,pe:st-georges-hill:west-road:whole,surrey-private-estates-2026-07-22-corrected-6,verified,partial_ready,2930000,2006-05-02,elmbridge-prime,A
lr-be2b5cf5c98ff148b199,property:LAKE HOUSE GOLF CLUB ROAD WEYBRIDGE KT13 0NJ|KT130NJ,"LAKE HOUSE, GOLF CLUB ROAD, WEYBRIDGE, KT13 0NJ",LAKE HOUSE,,GOLF CLUB ROAD,,WEYBRIDGE,KT13 0NJ,Elmbridge,Detached,st-georges-hill,St George's Hill,A,traditional_private_estate,pe:st-georges-hill:golf-club-road:whole,surrey-private-estates-2026-07-22-corrected-6,verified,partial_ready,6700000,2006-04-28,elmbridge-prime,A
lr-1feb4a80b6e02357c0d1,property:WELLFIELD OLD AVENUE WEYBRIDGE KT13 0PX|KT130PX,"WELLFIELD, OLD AVENUE, WEYBRIDGE, KT13 0PX",WELLFIELD,,OLD AVENUE,,WEYBRIDGE,KT13 0PX,Elmbridge,Detached,,,,,,surrey-private-estates-2026-07-22-corrected-6,,,2300000,2006-04-27,elmbridge-prime,A
lr-1738710e36664f041e48,property:21 CHANTRY VIEW ROAD GUILDFORD GU1 3XW|GU13XW,"21, CHANTRY VIEW ROAD, GUILDFORD, GU1 3XW",21,,CHANTRY VIEW ROAD,,GUILDFORD,GU1 3XW,Guildford,Detached,,,,,,surrey-private-estates-2026-07-22-corrected-6,,,2200000,2006-04-27,guildford-district,A
lr-f87d1350a5b02c2eef6a,property:3 THE BOWSPRIT COBHAM KT11 2RQ|KT112RQ,"3, THE BOWSPRIT, COBHAM, KT11 2RQ",3,,THE BOWSPRIT,,COBHAM,KT11 2RQ,Elmbridge,Detached,oxshott-way-estate,Oxshott Way Estate,A,traditional_private_estate,pe:oxshott-way-estate:the-bowsprit:whole,surrey-private-estates-2026-07-22-corrected-6,verified,ready,2200000,2006-04-19,elmbridge-prime,A
lr-c6230ced375cfe08a0f2,property:EASTWATER HOUSE SNOWDENHAM LANE BRAMLEY GUILDFORD GU5 0DB|GU50DB,"EASTWATER HOUSE, SNOWDENHAM LANE, BRAMLEY, GUILDFORD, GU5 0DB",EASTWATER HOUSE,,SNOWDENHAM LANE,BRAMLEY,GUILDFORD,GU5 0DB,Waverley,Detached,,,,,,surrey-private-estates-2026-07-22-corrected-6,,,4000000,2006-04-12,waverley-south-surrey,A
lr-0d4e96c702c7c29e8aca,property:5 EATON PARK ROAD COBHAM KT11 2JG|KT112JG,"5, EATON PARK ROAD, COBHAM, KT11 2JG",5,,EATON PARK ROAD,,COBHAM,KT11 2JG,Elmbridge,Detached,eaton-park,Eaton Park,A,traditional_private_estate,pe:eaton-park:eaton-park-road:whole,surrey-private-estates-2026-07-22-corrected-6,verified,ready,2750000,2006-04-12,elmbridge-prime,A
lr-ce41029f97296fababb5,property:25 MEADWAY ESHER KT10 9HG|KT109HG,"25, MEADWAY, ESHER, KT10 9HG",25,,MEADWAY,,ESHER,KT10 9HG,Elmbridge,Detached,,,,,,surrey-private-estates-2026-07-22-corrected-6,,,2200000,2006-04-12,elmbridge-prime,A
lr-33e86ebf564b9bb9c2f9,property:12 BIRDS HILL ROAD OXSHOTT LEATHERHEAD KT22 0NJ|KT220NJ,"12, BIRDS HILL ROAD, OXSHOTT, LEATHERHEAD, KT22 0NJ",12,,BIRDS HILL ROAD,OXSHOTT,LEATHERHEAD,KT22 0NJ,Elmbridge,Detached,crown-estate-oxshott,"Crown Estate, Oxshott",A,traditional_private_estate,pe:crown-estate-oxshott:birds-hill-road:whole,surrey-private-estates-2026-07-22-corrected-6,verified_multi_source,partial_ready,3850000,2006-04-10,elmbridge-prime,A
lr-07530da92771da4e5ea2,property:14 BROAD HIGH WAY COBHAM KT11 2RP|KT112RP,"14, BROAD HIGH WAY, COBHAM, KT11 2RP",14,,BROAD HIGH WAY,,COBHAM,KT11 2RP,Elmbridge,Detached,oxshott-way-estate,Oxshott Way Estate,A,traditional_private_estate,pe:oxshott-way-estate:broad-highway:whole,surrey-private-estates-2026-07-22-corrected-6,verified,ready,2160000,2006-03-31,elmbridge-prime,A
lr-9665ffabd1af0c4b703a,property:HEATHRIDGE HOUSE MOLES HILL OXSHOTT LEATHERHEAD KT22 0QB|KT220QB,"HEATHRIDGE HOUSE, MOLES HILL, OXSHOTT, LEATHERHEAD, KT22 0QB",HEATHRIDGE HOUSE,,MOLES HILL,OXSHOTT,LEATHERHEAD,KT22 0QB,Elmbridge,Detached,crown-estate-oxshott,"Crown Estate, Oxshott",A,traditional_private_estate,pe:crown-estate-oxshott:moles-hill:whole,surrey-private-estates-2026-07-22-corrected-6,verified_multi_source,partial_ready,3050000,2006-03-24,elmbridge-prime,A
lr-291a0c35fbcb7162872d,property:KNIGHTSWOOD HOUSE DRAGON LANE WEYBRIDGE KT13 0NG|KT130NG,"KNIGHTSWOOD HOUSE, DRAGON LANE, WEYBRIDGE, KT13 0NG",KNIGHTSWOOD HOUSE,,DRAGON LANE,,WEYBRIDGE,KT13 0NG,Elmbridge,Detached,st-georges-hill,St George's Hill,A,traditional_private_estate,pe:st-georges-hill:dragon-lane:whole,surrey-private-estates-2026-07-22-corrected-6,verified,partial_ready,2300000,2006-03-24,elmbridge-prime,A
lr-09435cd3e0e5687fa798,property:OLOIDIEN 10 ONSLOW ROAD HERSHAM WALTON ON THAMES KT12 5BB|KT125BB,"OLOIDIEN, 10, ONSLOW ROAD, HERSHAM, WALTON-ON-THAMES, KT12 5BB","OLOIDIEN, 10",,ONSLOW ROAD,HERSHAM,WALTON-ON-THAMES,KT12 5BB,Elmbridge,Detached,burwood-park,Burwood Park,A,traditional_private_estate,pe:burwood-park:onslow-road:whole,surrey-private-estates-2026-07-22-corrected-6,verified,ready,2450000,2006-03-23,elmbridge-prime,A
lr-0b8e695d454b01f7135f,property:LANGLEY HOUSE CHURCH LANE OXTED RH8 9LH|RH89LH,"LANGLEY HOUSE, CHURCH LANE, OXTED, RH8 9LH",LANGLEY HOUSE,,CHURCH LANE,,OXTED,RH8 9LH,Tandridge,Detached,,,,,,surrey-private-estates-2026-07-22-corrected-6,,,2770000,2006-03-21,tandridge-oxted,A
lr-f8b1e3ec3bb3f35c943e,property:ABBOTSWOOD 8 ABBOTSWOOD DRIVE WEYBRIDGE KT13 0LT|KT130LT,"ABBOTSWOOD, 8, ABBOTSWOOD DRIVE, WEYBRIDGE, KT13 0LT","ABBOTSWOOD, 8",,ABBOTSWOOD DRIVE,,WEYBRIDGE,KT13 0LT,Elmbridge,Detached,st-georges-hill,St George's Hill,A,traditional_private_estate,pe:st-georges-hill:abbotswood-drive:whole,surrey-private-estates-2026-07-22-corrected-6,verified,partial_ready,3550000,2006-03-18,elmbridge-prime,A
lr-9742a69fea56ba0c7a4c,property:25 THE BARTON COBHAM KT11 2NJ|KT112NJ,"25, THE BARTON, COBHAM, KT11 2NJ",25,,THE BARTON,,COBHAM,KT11 2NJ,Elmbridge,Detached,,,,,,surrey-private-estates-2026-07-22-corrected-6,,,2700000,2006-03-17,elmbridge-prime,A
lr-c52f5685693708eb204b,property:ORMIDALE EAST ROAD WEYBRIDGE KT13 0LF|KT130LF,"ORMIDALE, EAST ROAD, WEYBRIDGE, KT13 0LF",ORMIDALE,,EAST ROAD,,WEYBRIDGE,KT13 0LF,Elmbridge,Detached,st-georges-hill,St George's Hill,A,traditional_private_estate,pe:st-georges-hill:east-road:whole,surrey-private-estates-2026-07-22-corrected-6,verified,partial_ready,4880000,2006-03-15,elmbridge-prime,A
lr-7bcabcf1662cdcf9847e,property:CAMILLA LACEY CHAPEL LANE WESTHUMBLE DORKING RH5 6AN|RH56AN,"CAMILLA LACEY, CHAPEL LANE, WESTHUMBLE, DORKING, RH5 6AN",CAMILLA LACEY,,CHAPEL LANE,WESTHUMBLE,DORKING,RH5 6AN,Mole Valley,Detached,,,,,,surrey-private-estates-2026-07-22-corrected-6,,,2050000,2006-03-09,mole-valley,A
lr-17fea8bee658c30d06f5,property:SOUTH HOUSE KNOWLE LANE CRANLEIGH GU6 8JL|GU68JL,"SOUTH HOUSE, KNOWLE LANE, CRANLEIGH, GU6 8JL",SOUTH HOUSE,,KNOWLE LANE,,CRANLEIGH,GU6 8JL,Waverley,Detached,,,,,,surrey-private-estates-2026-07-22-corrected-6,,,2000000,2006-03-06,waverley-south-surrey,A
lr-4777c7cbb2c2ec145a55,property:SUMMER HAZE SOUTH ROAD ST GEORGES HILL WEYBRIDGE KT13 0NA|KT130NA,"SUMMER HAZE, SOUTH ROAD, ST GEORGES HILL, WEYBRIDGE, KT13 0NA",SUMMER HAZE,,SOUTH ROAD,ST GEORGES HILL,WEYBRIDGE,KT13 0NA,Elmbridge,Detached,st-georges-hill,St George's Hill,A,traditional_private_estate,pe:st-georges-hill:south-road:whole,surrey-private-estates-2026-07-22-corrected-6,verified,partial_ready,2100000,2006-02-07,elmbridge-prime,A
lr-3ee11e6b0dff542e04a5,property:32 WATER LANE COBHAM KT11 2PB|KT112PB,"32, WATER LANE, COBHAM, KT11 2PB",32,,WATER LANE,,COBHAM,KT11 2PB,Elmbridge,Detached,,,,,,surrey-private-estates-2026-07-22-corrected-6,,,2750000,2006-01-31,elmbridge-prime,A
lr-3b862e763fe25c348f8e,property:TAFTIOG MOLES HILL OXSHOTT LEATHERHEAD KT22 0QB|KT220QB,"TAFTIOG, MOLES HILL, OXSHOTT, LEATHERHEAD, KT22 0QB",TAFTIOG,,MOLES HILL,OXSHOTT,LEATHERHEAD,KT22 0QB,Elmbridge,Detached,crown-estate-oxshott,"Crown Estate, Oxshott",A,traditional_private_estate,pe:crown-estate-oxshott:moles-hill:whole,surrey-private-estates-2026-07-22-corrected-6,verified_multi_source,partial_ready,2052000,2006-01-31,elmbridge-prime,A
lr-228a2d968dfab42f2d96,property:17 COPSEM LANE ESHER KT10 9HE|KT109HE,"17, COPSEM LANE, ESHER, KT10 9HE",17,,COPSEM LANE,,ESHER,KT10 9HE,Elmbridge,Detached,,,,,,surrey-private-estates-2026-07-22-corrected-6,,,2400000,2006-01-20,elmbridge-prime,A
lr-42d128dfb66d25f4fe46,property:HATCHLANDS EAST DRIVE VIRGINIA WATER GU25 4JY|GU254JY,"HATCHLANDS, EAST DRIVE, VIRGINIA WATER, GU25 4JY",HATCHLANDS,,EAST DRIVE,,VIRGINIA WATER,GU25 4JY,Runnymede,Detached,wentworth-estate,Wentworth Estate,A,traditional_private_estate,pe:wentworth-estate:east-drive:whole,surrey-private-estates-2026-07-22-corrected-6,verified,partial_ready,2150000,2006-01-16,runnymede-wentworth,A
lr-ecf5eb3c30177bf5ada5,property:WISTON HOUSE WHITE LANE GUILDFORD GU4 8PR|GU48PR,"WISTON HOUSE, WHITE LANE, GUILDFORD, GU4 8PR",WISTON HOUSE,,WHITE LANE,,GUILDFORD,GU4 8PR,Guildford,Detached,,,,,,surrey-private-estates-2026-07-22-corrected-6,,,2500000,2006-01-05,guildford-district,A
lr-ad7e48fc4be6d081d7bb,property:MUNSTEAD ROUGH ALLDENS LANE GODALMING GU8 4AP|GU84AP,"MUNSTEAD ROUGH, ALLDENS LANE, GODALMING, GU8 4AP",MUNSTEAD ROUGH,,ALLDENS LANE,,GODALMING,GU8 4AP,Waverley,Detached,,,,,,surrey-private-estates-2026-07-22-corrected-6,,,2575000,2006-01-04,waverley-south-surrey,A
lr-186cf89371f69324f34d,property:TALL TREES SOUTH RIDGE WEYBRIDGE KT13 0NF|KT130NF,"TALL TREES, SOUTH RIDGE, WEYBRIDGE, KT13 0NF",TALL TREES,,SOUTH RIDGE,,WEYBRIDGE,KT13 0NF,Elmbridge,Detached,st-georges-hill,St George's Hill,A,traditional_private_estate,pe:st-georges-hill:south-ridge:whole,surrey-private-estates-2026-07-22-corrected-6,verified,partial_ready,2700000,2006-01-03,elmbridge-prime,A
lr-6edc3862465b35e6c3bd,property:SILVANA GRANVILLE CLOSE WEYBRIDGE KT13 0QH|KT130QH,"SILVANA, GRANVILLE CLOSE, WEYBRIDGE, KT13 0QH",SILVANA,,GRANVILLE CLOSE,,WEYBRIDGE,KT13 0QH,Elmbridge,Detached,st-georges-hill,St George's Hill,A,traditional_private_estate,pe:st-georges-hill:granville-close:whole,surrey-private-estates-2026-07-22-corrected-6,verified,partial_ready,3000000,2005-12-20,elmbridge-prime,A
lr-a9e50532eb3d4e63dc9a,property:PINE HILL GRANVILLE ROAD WEYBRIDGE KT13 0QL|KT130QL,"PINE HILL, GRANVILLE ROAD, WEYBRIDGE, KT13 0QL",PINE HILL,,GRANVILLE ROAD,,WEYBRIDGE,KT13 0QL,Elmbridge,Detached,st-georges-hill,St George's Hill,A,traditional_private_estate,pe:st-georges-hill:granville-road:whole,surrey-private-estates-2026-07-22-corrected-6,verified,partial_ready,3250000,2005-12-16,elmbridge-prime,A
lr-53587f0f8fb1af108f2a,property:10 KINGS WARREN OXSHOTT LEATHERHEAD KT22 0PE|KT220PE,"10, KINGS WARREN, OXSHOTT, LEATHERHEAD, KT22 0PE",10,,KINGS WARREN,OXSHOTT,LEATHERHEAD,KT22 0PE,Elmbridge,Detached,crown-estate-oxshott,"Crown Estate, Oxshott",A,traditional_private_estate,pe:crown-estate-oxshott:kings-warren:whole,surrey-private-estates-2026-07-22-corrected-6,verified_multi_source,partial_ready,2650000,2005-12-16,elmbridge-prime,A
lr-ccd61b57d84e3d93d773,property:11 BROOMFIELD RIDE OXSHOTT LEATHERHEAD KT22 0LR|KT220LR,"11, BROOMFIELD RIDE, OXSHOTT, LEATHERHEAD, KT22 0LR",11,,BROOMFIELD RIDE,OXSHOTT,LEATHERHEAD,KT22 0LR,Elmbridge,Detached,crown-estate-oxshott,"Crown Estate, Oxshott",A,traditional_private_estate,pe:crown-estate-oxshott:broomfield-ride:whole,surrey-private-estates-2026-07-22-corrected-6,verified_multi_source,partial_ready,2350000,2005-12-09,elmbridge-prime,A
lr-a9f5b4e62b173df04e08,property:SILVER BIRCHES WEST DRIVE VIRGINIA WATER GU25 4NE|GU254NE,"SILVER BIRCHES, WEST DRIVE, VIRGINIA WATER, GU25 4NE",SILVER BIRCHES,,WEST DRIVE,,VIRGINIA WATER,GU25 4NE,Runnymede,Detached,wentworth-estate,Wentworth Estate,A,traditional_private_estate,pe:wentworth-estate:west-drive:whole,surrey-private-estates-2026-07-22-corrected-6,verified,partial_ready,3750000,2005-11-25,runnymede-wentworth,A
lr-9dd88fbd4c45e8ecb60b,property:41 PRINCES DRIVE OXSHOTT LEATHERHEAD KT22 0UL|KT220UL,"41, PRINCES DRIVE, OXSHOTT, LEATHERHEAD, KT22 0UL",41,,PRINCES DRIVE,OXSHOTT,LEATHERHEAD,KT22 0UL,Elmbridge,Detached,crown-estate-oxshott,"Crown Estate, Oxshott",A,traditional_private_estate,pe:crown-estate-oxshott:prince-s-drive:whole,surrey-private-estates-2026-07-22-corrected-6,verified_multi_source,partial_ready,3000000,2005-11-25,elmbridge-prime,A
lr-8c14294309f9cc4ad530,property:11 OAKWOOD ROAD VIRGINIA WATER GU25 4RZ|GU254RZ,"11, OAKWOOD ROAD, VIRGINIA WATER, GU25 4RZ",11,,OAKWOOD ROAD,,VIRGINIA WATER,GU25 4RZ,Runnymede,Detached,,,,,,surrey-private-estates-2026-07-22-corrected-6,,,3250000,2005-11-24,runnymede-wentworth,A
lr-e181de4fc95dbacdd97c,property:8 KINGS WARREN OXSHOTT LEATHERHEAD KT22 0PE|KT220PE,"8, KINGS WARREN, OXSHOTT, LEATHERHEAD, KT22 0PE",8,,KINGS WARREN,OXSHOTT,LEATHERHEAD,KT22 0PE,Elmbridge,Detached,crown-estate-oxshott,"Crown Estate, Oxshott",A,traditional_private_estate,pe:crown-estate-oxshott:kings-warren:whole,surrey-private-estates-2026-07-22-corrected-6,verified_multi_source,partial_ready,2550000,2005-11-24,elmbridge-prime,A
lr-ce770d31007437eba91a,property:WALDENHURST SOUTH ROAD ST GEORGES HILL WEYBRIDGE KT13 0NA|KT130NA,"WALDENHURST, SOUTH ROAD, ST GEORGES HILL, WEYBRIDGE, KT13 0NA",WALDENHURST,,SOUTH ROAD,ST GEORGES HILL,WEYBRIDGE,KT13 0NA,Elmbridge,Detached,st-georges-hill,St George's Hill,A,traditional_private_estate,pe:st-georges-hill:south-road:whole,surrey-private-estates-2026-07-22-corrected-6,verified,partial_ready,4500000,2005-11-23,elmbridge-prime,A
lr-c2df29e1ebb265e7e2db,property:SNOW HILL OLD AVENUE WEYBRIDGE KT13 0QE|KT130QE,"SNOW HILL, OLD AVENUE, WEYBRIDGE, KT13 0QE",SNOW HILL,,OLD AVENUE,,WEYBRIDGE,KT13 0QE,Elmbridge,Detached,,,,,,surrey-private-estates-2026-07-22-corrected-6,,,2525000,2005-11-23,elmbridge-prime,A
lr-aafc804cf9fbec845538,property:FIRWOOD HOUSE FIRWOOD ROAD VIRGINIA WATER GU25 4NG|GU254NG,"FIRWOOD HOUSE, FIRWOOD ROAD, VIRGINIA WATER, GU25 4NG",FIRWOOD HOUSE,,FIRWOOD ROAD,,VIRGINIA WATER,GU25 4NG,Runnymede,Detached,wentworth-estate,Wentworth Estate,A,traditional_private_estate,pe:wentworth-estate:firwood-road:whole,surrey-private-estates-2026-07-22-corrected-6,verified,partial_ready,3900000,2005-10-21,runnymede-wentworth,A
lr-b5c53b2a934ced311ffd,property:BURDENSHOT HOUSE BURDENSHOT HILL WORPLESDON GUILDFORD GU3 3RL|GU33RL,"BURDENSHOT HOUSE, BURDENSHOT HILL, WORPLESDON, GUILDFORD, GU3 3RL",BURDENSHOT HOUSE,,BURDENSHOT HILL,WORPLESDON,GUILDFORD,GU3 3RL,Woking,Detached,,,,,,surrey-private-estates-2026-07-22-corrected-6,,,2300000,2005-10-14,woking-district,A
lr-b11da6c752c5d2b8d84a,property:43 PRINCES DRIVE OXSHOTT LEATHERHEAD KT22 0UL|KT220UL,"43, PRINCES DRIVE, OXSHOTT, LEATHERHEAD, KT22 0UL",43,,PRINCES DRIVE,OXSHOTT,LEATHERHEAD,KT22 0UL,Elmbridge,Detached,crown-estate-oxshott,"Crown Estate, Oxshott",A,traditional_private_estate,pe:crown-estate-oxshott:prince-s-drive:whole,surrey-private-estates-2026-07-22-corrected-6,verified_multi_source,partial_ready,2400000,2005-10-12,elmbridge-prime,A
lr-008fa1152a05538cae50,property:OAKSHADE HEIGHTS STOKESHEATH ROAD OXSHOTT LEATHERHEAD KT22 0QB|KT220QB,"OAKSHADE HEIGHTS, STOKESHEATH ROAD, OXSHOTT, LEATHERHEAD, KT22 0QB",OAKSHADE HEIGHTS,,STOKESHEATH ROAD,OXSHOTT,LEATHERHEAD,KT22 0QB,Elmbridge,Detached,crown-estate-oxshott,"Crown Estate, Oxshott",A,traditional_private_estate,pe:crown-estate-oxshott:stokesheath-road:whole,surrey-private-estates-2026-07-22-corrected-6,verified_multi_source,partial_ready,2000000,2005-10-12,elmbridge-prime,A
lr-91edb46b31166cbc276a,property:PASSAGES 7 ABBOTSWOOD DRIVE WEYBRIDGE KT13 0LT|KT130LT,"PASSAGES, 7, ABBOTSWOOD DRIVE, WEYBRIDGE, KT13 0LT","PASSAGES, 7",,ABBOTSWOOD DRIVE,,WEYBRIDGE,KT13 0LT,Elmbridge,Detached,st-georges-hill,St George's Hill,A,traditional_private_estate,pe:st-georges-hill:abbotswood-drive:whole,surrey-private-estates-2026-07-22-corrected-6,verified,partial_ready,2275000,2005-10-11,elmbridge-prime,A
lr-501a3086f32854151b5f,property:QUEEN ANNE HOUSE QUEENS DRIVE OXSHOTT LEATHERHEAD KT22 0PB|KT220PB,"QUEEN ANNE HOUSE, QUEENS DRIVE, OXSHOTT, LEATHERHEAD, KT22 0PB",QUEEN ANNE HOUSE,,QUEENS DRIVE,OXSHOTT,LEATHERHEAD,KT22 0PB,Elmbridge,Detached,crown-estate-oxshott,"Crown Estate, Oxshott",A,traditional_private_estate,pe:crown-estate-oxshott:queens-drive:whole,surrey-private-estates-2026-07-22-corrected-6,verified_multi_source,partial_ready,4345000,2005-09-30,elmbridge-prime,A
lr-d71c7e8164f7a3770ee7,property:ANNESLEY THREE GATES LANE HASLEMERE GU27 2LD|GU272LD,"ANNESLEY, THREE GATES LANE, HASLEMERE, GU27 2LD",ANNESLEY,,THREE GATES LANE,,HASLEMERE,GU27 2LD,Waverley,Detached,,,,,,surrey-private-estates-2026-07-22-corrected-6,,,2000000,2005-09-27,waverley-south-surrey,A
lr-b8c13ffddf0e619f8e08,property:CASPIAN HOUSE EAST ROAD WEYBRIDGE KT13 0LB|KT130LB,"CASPIAN HOUSE, EAST ROAD, WEYBRIDGE, KT13 0LB",CASPIAN HOUSE,,EAST ROAD,,WEYBRIDGE,KT13 0LB,Elmbridge,Detached,st-georges-hill,St George's Hill,A,traditional_private_estate,pe:st-georges-hill:east-road:whole,surrey-private-estates-2026-07-22-corrected-6,verified,partial_ready,3595000,2005-09-23,elmbridge-prime,A
lr-7a2da4c114464d61790f,property:KINGGUSSIE HEATHERSIDE DRIVE VIRGINIA WATER GU25 4JU|GU254JU,"KINGGUSSIE, HEATHERSIDE DRIVE, VIRGINIA WATER, GU25 4JU",KINGGUSSIE,,HEATHERSIDE DRIVE,,VIRGINIA WATER,GU25 4JU,Runnymede,Detached,wentworth-estate,Wentworth Estate,A,traditional_private_estate,pe:wentworth-estate:heatherside-drive:whole,surrey-private-estates-2026-07-22-corrected-6,verified,partial_ready,2600000,2005-09-23,runnymede-wentworth,A
lr-6655d9f796a7532b2f95,property:STAVEACRE QUEENS DRIVE OXSHOTT LEATHERHEAD KT22 0PB|KT220PB,"STAVEACRE, QUEENS DRIVE, OXSHOTT, LEATHERHEAD, KT22 0PB",STAVEACRE,,QUEENS DRIVE,OXSHOTT,LEATHERHEAD,KT22 0PB,Elmbridge,Detached,crown-estate-oxshott,"Crown Estate, Oxshott",A,traditional_private_estate,pe:crown-estate-oxshott:queens-drive:whole,surrey-private-estates-2026-07-22-corrected-6,verified_multi_source,partial_ready,2260000,2005-09-19,elmbridge-prime,A
lr-4d4867cf506e46adc391,property:MILFORD HOUSE STATION ROAD CHOBHAM WOKING GU24 8AT|GU248AT,"MILFORD HOUSE, STATION ROAD, CHOBHAM, WOKING, GU24 8AT",MILFORD HOUSE,,STATION ROAD,CHOBHAM,WOKING,GU24 8AT,Woking,Detached,,,,,,surrey-private-estates-2026-07-22-corrected-6,,,2400000,2005-09-05,woking-district,A
lr-c720eadb97352d56d57e,property:6 KINGS WARREN OXSHOTT LEATHERHEAD KT22 0PE|KT220PE,"6, KINGS WARREN, OXSHOTT, LEATHERHEAD, KT22 0PE",6,,KINGS WARREN,OXSHOTT,LEATHERHEAD,KT22 0PE,Elmbridge,Detached,crown-estate-oxshott,"Crown Estate, Oxshott",A,traditional_private_estate,pe:crown-estate-oxshott:kings-warren:whole,surrey-private-estates-2026-07-22-corrected-6,verified_multi_source,partial_ready,2625000,2005-09-01,elmbridge-prime,A
lr-4beae1604e296af312f1,property:WARRENERS EAST ROAD WEYBRIDGE KT13 0LF|KT130LF,"WARRENERS, EAST ROAD, WEYBRIDGE, KT13 0LF",WARRENERS,,EAST ROAD,,WEYBRIDGE,KT13 0LF,Elmbridge,Detached,st-georges-hill,St George's Hill,A,traditional_private_estate,pe:st-georges-hill:east-road:whole,surrey-private-estates-2026-07-22-corrected-6,verified,partial_ready,2300000,2005-08-24,elmbridge-prime,A
lr-cc21b115349f5763c536,property:INVERALMOND THE GLADE KINGSWOOD TADWORTH KT20 6LL|KT206LL,"INVERALMOND, THE GLADE, KINGSWOOD, TADWORTH, KT20 6LL",INVERALMOND,,THE GLADE,KINGSWOOD,TADWORTH,KT20 6LL,Reigate and Banstead,Detached,,,,,,surrey-private-estates-2026-07-22-corrected-6,,,2250000,2005-08-24,reigate-banstead,A
lr-d65b8d63ca99fce9adac,property:CHATSWORTH HOUSE BLAKES LANE WEST HORSLEY LEATHERHEAD KT24 6EA|KT246EA,"CHATSWORTH HOUSE, BLAKES LANE, WEST HORSLEY, LEATHERHEAD, KT24 6EA",CHATSWORTH HOUSE,,BLAKES LANE,WEST HORSLEY,LEATHERHEAD,KT24 6EA,Guildford,Detached,,,,,,surrey-private-estates-2026-07-22-corrected-6,,,2150000,2005-08-24,guildford-district,A
lr-75165bb48ea74d0eba8f,property:WHITEDOWNS SHERE ROAD WEST HORSLEY LEATHERHEAD KT24 6EW|KT246EW,"WHITEDOWNS, SHERE ROAD, WEST HORSLEY, LEATHERHEAD, KT24 6EW",WHITEDOWNS,,SHERE ROAD,WEST HORSLEY,LEATHERHEAD,KT24 6EW,Guildford,Detached,,,,,,surrey-private-estates-2026-07-22-corrected-6,,,2825000,2005-08-19,guildford-district,A
lr-bc02b2844e9a3b39ab78,property:LION HILL WEST ROAD ST GEORGES HILL WEYBRIDGE KT13 0LZ|KT130LZ,"LION HILL, WEST ROAD, ST GEORGES HILL, WEYBRIDGE, KT13 0LZ",LION HILL,,WEST ROAD,ST GEORGES HILL,WEYBRIDGE,KT13 0LZ,Elmbridge,Detached,st-georges-hill,St George's Hill,A,traditional_private_estate,pe:st-georges-hill:west-road:whole,surrey-private-estates-2026-07-22-corrected-6,verified,partial_ready,2500000,2005-08-19,elmbridge-prime,A
lr-ea6bb51f653a5b2ce53d,property:30 ESHER PARK AVENUE ESHER KT10 9NX|KT109NX,"30, ESHER PARK AVENUE, ESHER, KT10 9NX",30,,ESHER PARK AVENUE,,ESHER,KT10 9NX,Elmbridge,Detached,,,,,,surrey-private-estates-2026-07-22-corrected-6,,,5000000,2005-08-16,elmbridge-prime,A
lr-2a773ee1b97b177de071,property:WALDEN SOUTH ROAD ST GEORGES HILL WEYBRIDGE KT13 0NA|KT130NA,"WALDEN, SOUTH ROAD, ST GEORGES HILL, WEYBRIDGE, KT13 0NA",WALDEN,,SOUTH ROAD,ST GEORGES HILL,WEYBRIDGE,KT13 0NA,Elmbridge,Detached,st-georges-hill,St George's Hill,A,traditional_private_estate,pe:st-georges-hill:south-road:whole,surrey-private-estates-2026-07-22-corrected-6,verified,partial_ready,2500000,2005-08-10,elmbridge-prime,A
lr-1b984b42da6f7e6255de,property:FIRCROFT GRANVILLE CLOSE WEYBRIDGE KT13 0QH|KT130QH,"FIRCROFT, GRANVILLE CLOSE, WEYBRIDGE, KT13 0QH",FIRCROFT,,GRANVILLE CLOSE,,WEYBRIDGE,KT13 0QH,Elmbridge,Detached,st-georges-hill,St George's Hill,A,traditional_private_estate,pe:st-georges-hill:granville-close:whole,surrey-private-estates-2026-07-22-corrected-6,verified,partial_ready,2250000,2005-08-08,elmbridge-prime,A
lr-4499b35732feb33c78ac,property:16 HOLTWOOD ROAD OXSHOTT LEATHERHEAD KT22 0QJ|KT220QJ,"16, HOLTWOOD ROAD, OXSHOTT, LEATHERHEAD, KT22 0QJ",16,,HOLTWOOD ROAD,OXSHOTT,LEATHERHEAD,KT22 0QJ,Elmbridge,Detached,,,,,,surrey-private-estates-2026-07-22-corrected-6,,,2825000,2005-07-29,elmbridge-prime,A
lr-aa243fd8aa9a1497e1a0,property:ABBOTSWOOD LODGE SEVEN HILLS ROAD WALTON ON THAMES KT12 4DF|KT124DF,"ABBOTSWOOD LODGE, SEVEN HILLS ROAD, WALTON-ON-THAMES, KT12 4DF",ABBOTSWOOD LODGE,,SEVEN HILLS ROAD,,WALTON-ON-THAMES,KT12 4DF,Elmbridge,Detached,,,,,,surrey-private-estates-2026-07-22-corrected-6,,,3165000,2005-07-28,elmbridge-prime,A
lr-eebf063df4025d555755,property:WALTON HOUSE WITHYBED CORNER WALTON ON THE HILL TADWORTH KT20 7UJ|KT207UJ,"WALTON HOUSE, WITHYBED CORNER, WALTON ON THE HILL, TADWORTH, KT20 7UJ",WALTON HOUSE,,WITHYBED CORNER,WALTON ON THE HILL,TADWORTH,KT20 7UJ,Reigate and Banstead,Detached,,,,,,surrey-private-estates-2026-07-22-corrected-6,,,2183500,2005-07-01,reigate-banstead,A
lr-ca099651b7fb017b48bf,property:PENDELL HOUSE PENDELL ROAD BLETCHINGLEY REDHILL RH1 4QH|RH14QH,"PENDELL HOUSE, PENDELL ROAD, BLETCHINGLEY, REDHILL, RH1 4QH",PENDELL HOUSE,,PENDELL ROAD,BLETCHINGLEY,REDHILL,RH1 4QH,Tandridge,Detached,,,,,,surrey-private-estates-2026-07-22-corrected-6,,,2000000,2005-06-06,tandridge-oxted,A
lr-c3b2bbfc47f7eb6b22e1,property:25 EATON PARK COBHAM KT11 2JF|KT112JF,"25, EATON PARK, COBHAM, KT11 2JF",25,,EATON PARK,,COBHAM,KT11 2JF,Elmbridge,Detached,eaton-park,Eaton Park,A,traditional_private_estate,pe:eaton-park:eaton-park:whole,surrey-private-estates-2026-07-22-corrected-6,verified,ready,2175000,2005-05-18,elmbridge-prime,A
lr-0f5493d0e90bf3909cb2,property:THE ORCHARD GATE NORTH DRIVE VIRGINIA WATER GU25 4NQ|GU254NQ,"THE ORCHARD GATE, NORTH DRIVE, VIRGINIA WATER, GU25 4NQ",THE ORCHARD GATE,,NORTH DRIVE,,VIRGINIA WATER,GU25 4NQ,Runnymede,Detached,wentworth-estate,Wentworth Estate,A,traditional_private_estate,pe:wentworth-estate:north-drive:whole,surrey-private-estates-2026-07-22-corrected-6,verified,partial_ready,2650000,2005-05-04,runnymede-wentworth,A
lr-14738406895d3cbf6dd7,property:THE LANTERN GODOLPHIN ROAD WEYBRIDGE KT13 0PT|KT130PT,"THE LANTERN, GODOLPHIN ROAD, WEYBRIDGE, KT13 0PT",THE LANTERN,,GODOLPHIN ROAD,,WEYBRIDGE,KT13 0PT,Elmbridge,Detached,st-georges-hill,St George's Hill,A,traditional_private_estate,pe:st-georges-hill:godolphin-road:whole,surrey-private-estates-2026-07-22-corrected-6,verified,partial_ready,2000000,2005-03-18,elmbridge-prime,A
lr-144bcea605781ee9d747,property:TANGLEWOOD GORSE HILL ROAD VIRGINIA WATER GU25 4AS|GU254AS,"TANGLEWOOD, GORSE HILL ROAD, VIRGINIA WATER, GU25 4AS",TANGLEWOOD,,GORSE HILL ROAD,,VIRGINIA WATER,GU25 4AS,Runnymede,Detached,,,,,,surrey-private-estates-2026-07-22-corrected-6,,,2250000,2005-03-11,runnymede-wentworth,A
lr-1665e2df0dae65e28742,property:3 OXSHOTT RISE COBHAM KT11 2RW|KT112RW,"3, OXSHOTT RISE, COBHAM, KT11 2RW",3,,OXSHOTT RISE,,COBHAM,KT11 2RW,Elmbridge,Detached,oxshott-way-estate,Oxshott Way Estate,A,traditional_private_estate,pe:oxshott-way-estate:oxshott-rise:whole,surrey-private-estates-2026-07-22-corrected-6,verified,ready,2685000,2005-03-09,elmbridge-prime,A
lr-d8c3d8ccad2c40210169,property:NORTHGATE PACHESHAM PARK LEATHERHEAD KT22 0DJ|KT220DJ,"NORTHGATE, PACHESHAM PARK, LEATHERHEAD, KT22 0DJ",NORTHGATE,,PACHESHAM PARK,,LEATHERHEAD,KT22 0DJ,Mole Valley,Detached,pachesham-park,Pachesham Park,A,traditional_private_estate,pe:pachesham-park:pachesham-park:whole,surrey-private-estates-2026-07-22-corrected-6,verified,ready,2090000,2005-03-09,mole-valley,A
lr-86ebaa13d4fc4b525eb1,property:6 MONTROSE GARDENS OXSHOTT LEATHERHEAD KT22 0UU|KT220UU,"6, MONTROSE GARDENS, OXSHOTT, LEATHERHEAD, KT22 0UU",6,,MONTROSE GARDENS,OXSHOTT,LEATHERHEAD,KT22 0UU,Elmbridge,Detached,crown-estate-oxshott,"Crown Estate, Oxshott",A,traditional_private_estate,pe:crown-estate-oxshott:montrose-gardens:whole,surrey-private-estates-2026-07-22-corrected-6,verified_multi_source,partial_ready,2950000,2005-03-04,elmbridge-prime,A
lr-fe8ea8bac3ee03dce27d,property:4 BROOMFIELD RIDE OXSHOTT LEATHERHEAD KT22 0LW|KT220LW,"4, BROOMFIELD RIDE, OXSHOTT, LEATHERHEAD, KT22 0LW",4,,BROOMFIELD RIDE,OXSHOTT,LEATHERHEAD,KT22 0LW,Elmbridge,Detached,crown-estate-oxshott,"Crown Estate, Oxshott",A,traditional_private_estate,pe:crown-estate-oxshott:broomfield-ride:whole,surrey-private-estates-2026-07-22-corrected-6,verified_multi_source,partial_ready,2050000,2005-02-18,elmbridge-prime,A
lr-eb3ef00f2312010af2de,property:WINDLE COTTAGE WESTWOOD ROAD WINDLESHAM GU20 6LX|GU206LX,"WINDLE COTTAGE, WESTWOOD ROAD, WINDLESHAM, GU20 6LX",WINDLE COTTAGE,,WESTWOOD ROAD,,WINDLESHAM,GU20 6LX,Surrey Heath,Detached,,,,,,surrey-private-estates-2026-07-22-corrected-6,,,2300000,2005-02-14,surrey-heath,A
lr-50a66c2765ad731403fb,property:31 ABBOTS DRIVE VIRGINIA WATER GU25 4SE|GU254SE,"31, ABBOTS DRIVE, VIRGINIA WATER, GU25 4SE",31,,ABBOTS DRIVE,,VIRGINIA WATER,GU25 4SE,Runnymede,Detached,wentworth-estate,Wentworth Estate,A,traditional_private_estate,pe:wentworth-estate:abbots-drive:whole,surrey-private-estates-2026-07-22-corrected-6,verified,partial_ready,2150000,2005-02-10,runnymede-wentworth,A
lr-ccd172a3608508ce2b49,property:16 THE DRIVE COBHAM KT11 2JQ|KT112JQ,"16, THE DRIVE, COBHAM, KT11 2JQ",16,,THE DRIVE,,COBHAM,KT11 2JQ,Elmbridge,Detached,eaton-park,Eaton Park,A,traditional_private_estate,pe:eaton-park:the-drive:whole,surrey-private-estates-2026-07-22-corrected-6,verified,ready,2086800,2005-02-02,elmbridge-prime,A
lr-3dd7de65094172acb023,property:14 BROOMFIELD RIDE OXSHOTT LEATHERHEAD KT22 0LW|KT220LW,"14, BROOMFIELD RIDE, OXSHOTT, LEATHERHEAD, KT22 0LW",14,,BROOMFIELD RIDE,OXSHOTT,LEATHERHEAD,KT22 0LW,Elmbridge,Detached,crown-estate-oxshott,"Crown Estate, Oxshott",A,traditional_private_estate,pe:crown-estate-oxshott:broomfield-ride:whole,surrey-private-estates-2026-07-22-corrected-6,verified_multi_source,partial_ready,2945000,2004-12-20,elmbridge-prime,A
lr-587baab461adcef80db4,property:9 BIRDS HILL DRIVE OXSHOTT LEATHERHEAD KT22 0SP|KT220SP,"9, BIRDS HILL DRIVE, OXSHOTT, LEATHERHEAD, KT22 0SP",9,,BIRDS HILL DRIVE,OXSHOTT,LEATHERHEAD,KT22 0SP,Elmbridge,Detached,crown-estate-oxshott,"Crown Estate, Oxshott",A,traditional_private_estate,pe:crown-estate-oxshott:birds-hill-drive:whole,surrey-private-estates-2026-07-22-corrected-6,verified_multi_source,partial_ready,3200000,2004-12-14,elmbridge-prime,A
lr-293eac85ab97bf99122f,property:WILTON HOUSE MOLES HILL OXSHOTT LEATHERHEAD KT22 0QB|KT220QB,"WILTON HOUSE, MOLES HILL, OXSHOTT, LEATHERHEAD, KT22 0QB",WILTON HOUSE,,MOLES HILL,OXSHOTT,LEATHERHEAD,KT22 0QB,Elmbridge,Detached,crown-estate-oxshott,"Crown Estate, Oxshott",A,traditional_private_estate,pe:crown-estate-oxshott:moles-hill:whole,surrey-private-estates-2026-07-22-corrected-6,verified_multi_source,partial_ready,3250000,2004-12-08,elmbridge-prime,A
lr-890755fdd6904d626cf5,property:HAMILTON HOUSE OLD AVENUE ST GEORGES HILL WEYBRIDGE KT13 0QE|KT130QE,"HAMILTON HOUSE, OLD AVENUE, ST GEORGES HILL, WEYBRIDGE, KT13 0QE",HAMILTON HOUSE,,OLD AVENUE,ST GEORGES HILL,WEYBRIDGE,KT13 0QE,Elmbridge,Detached,,,,,,surrey-private-estates-2026-07-22-corrected-6,,,2630000,2004-11-29,elmbridge-prime,A
lr-6667e1d39bbdefb78508,property:HERON COURT EAST ROAD WEYBRIDGE KT13 0LF|KT130LF,"HERON COURT, EAST ROAD, WEYBRIDGE, KT13 0LF",HERON COURT,,EAST ROAD,,WEYBRIDGE,KT13 0LF,Elmbridge,Detached,st-georges-hill,St George's Hill,A,traditional_private_estate,pe:st-georges-hill:east-road:whole,surrey-private-estates-2026-07-22-corrected-6,verified,partial_ready,2500000,2004-11-11,elmbridge-prime,A
lr-c71656ebdb5f84c96f81,property:WILLINGHURST HOUSE WILLINGHURST ESTATE SHAMLEY GREEN GUILDFORD GU5 0SU|GU50SU,"WILLINGHURST HOUSE, WILLINGHURST ESTATE, SHAMLEY GREEN, GUILDFORD, GU5 0SU",WILLINGHURST HOUSE,,WILLINGHURST ESTATE,SHAMLEY GREEN,GUILDFORD,GU5 0SU,Waverley,Detached,,,,,,surrey-private-estates-2026-07-22-corrected-6,,,2600000,2004-11-05,waverley-south-surrey,A
lr-9b34b0acc543dbaf5f2a,property:KINGS CHASE CAVENDISH ROAD WEYBRIDGE KT13 0JT|KT130JT,"KINGS CHASE, CAVENDISH ROAD, WEYBRIDGE, KT13 0JT",KINGS CHASE,,CAVENDISH ROAD,,WEYBRIDGE,KT13 0JT,Elmbridge,Detached,st-georges-hill,St George's Hill,A,traditional_private_estate,pe:st-georges-hill:cavendish-road:whole,surrey-private-estates-2026-07-22-corrected-6,verified,partial_ready,4200000,2004-10-13,elmbridge-prime,A
lr-d3c504cfea515409a5cd,property:KINGS CHASE QUEENS DRIVE OXSHOTT LEATHERHEAD KT22 0PF|KT220PF,"KINGS CHASE, QUEENS DRIVE, OXSHOTT, LEATHERHEAD, KT22 0PF",KINGS CHASE,,QUEENS DRIVE,OXSHOTT,LEATHERHEAD,KT22 0PF,Elmbridge,Detached,crown-estate-oxshott,"Crown Estate, Oxshott",A,traditional_private_estate,pe:crown-estate-oxshott:queens-drive:whole,surrey-private-estates-2026-07-22-corrected-6,verified_multi_source,partial_ready,2675000,2004-10-13,elmbridge-prime,A
lr-4ab4a8fbcec41a1020cc,property:MIDDLESHAWS WALPOLE AVENUE CHIPSTEAD COULSDON CR5 3PR|CR53PR,"MIDDLESHAWS, WALPOLE AVENUE, CHIPSTEAD, COULSDON, CR5 3PR",MIDDLESHAWS,,WALPOLE AVENUE,CHIPSTEAD,COULSDON,CR5 3PR,Reigate and Banstead,Detached,,,,,,surrey-private-estates-2026-07-22-corrected-6,,,2000000,2004-10-11,reigate-banstead,A
lr-6e177a601f520bd51093,property:FIR TREE LODGE WARRENERS LANE WEYBRIDGE KT13 0LH|KT130LH,"FIR TREE LODGE, WARRENERS LANE, WEYBRIDGE, KT13 0LH",FIR TREE LODGE,,WARRENERS LANE,,WEYBRIDGE,KT13 0LH,Elmbridge,Detached,st-georges-hill,St George's Hill,A,traditional_private_estate,pe:st-georges-hill:warreners-lane:whole,surrey-private-estates-2026-07-22-corrected-6,verified,partial_ready,2150000,2004-10-06,elmbridge-prime,A
lr-2b7637498277f3ecffd8,property:WOODHAVEN GREEN WOOD LANE WEYBRIDGE KT13 0JU|KT130JU,"WOODHAVEN GREEN, WOOD LANE, WEYBRIDGE, KT13 0JU",WOODHAVEN GREEN,,WOOD LANE,,WEYBRIDGE,KT13 0JU,Elmbridge,Detached,st-georges-hill,St George's Hill,A,traditional_private_estate,pe:st-georges-hill:wood-lane:whole,surrey-private-estates-2026-07-22-corrected-6,verified,partial_ready,2900000,2004-10-01,elmbridge-prime,A
lr-9bed2a232f8b3ee92fe1,property:WINSLOW HOUSE EAST ROAD WEYBRIDGE KT13 0LB|KT130LB,"WINSLOW HOUSE, EAST ROAD, WEYBRIDGE, KT13 0LB",WINSLOW HOUSE,,EAST ROAD,,WEYBRIDGE,KT13 0LB,Elmbridge,Detached,st-georges-hill,St George's Hill,A,traditional_private_estate,pe:st-georges-hill:east-road:whole,surrey-private-estates-2026-07-22-corrected-6,verified,partial_ready,3250000,2004-09-13,elmbridge-prime,A
lr-1e20defc43b86b0f74be,property:KINGSWOOD EAST ROAD WEYBRIDGE KT13 0LD|KT130LD,"KINGSWOOD, EAST ROAD, WEYBRIDGE, KT13 0LD",KINGSWOOD,,EAST ROAD,,WEYBRIDGE,KT13 0LD,Elmbridge,Detached,st-georges-hill,St George's Hill,A,traditional_private_estate,pe:st-georges-hill:east-road:whole,surrey-private-estates-2026-07-22-corrected-6,verified,partial_ready,2750000,2004-08-25,elmbridge-prime,A
lr-59d52fce4aa27e31c8aa,property:MUNSTEAD OAKS HASCOMBE ROAD GODALMING GU8 4AB|GU84AB,"MUNSTEAD OAKS, HASCOMBE ROAD, GODALMING, GU8 4AB",MUNSTEAD OAKS,,HASCOMBE ROAD,,GODALMING,GU8 4AB,Waverley,Detached,,,,,,surrey-private-estates-2026-07-22-corrected-6,,,2650000,2004-08-23,waverley-south-surrey,A
lr-53028361166f27d1da52,property:4 WARWICKS BENCH ROAD GUILDFORD GU1 3TL|GU13TL,"4, WARWICKS BENCH ROAD, GUILDFORD, GU1 3TL",4,,WARWICKS BENCH ROAD,,GUILDFORD,GU1 3TL,Guildford,Detached,,,,,,surrey-private-estates-2026-07-22-corrected-6,,,2350000,2004-08-17,guildford-district,A
lr-c53509a373a7bc810e9e,property:BALLY HANDY CASTLE GROVE ROAD CHOBHAM WOKING GU24 8EF|GU248EF,"BALLY HANDY, CASTLE GROVE ROAD, CHOBHAM, WOKING, GU24 8EF",BALLY HANDY,,CASTLE GROVE ROAD,CHOBHAM,WOKING,GU24 8EF,Surrey Heath,Detached,,,,,,surrey-private-estates-2026-07-22-corrected-6,,,2850000,2004-08-09,surrey-heath,A
lr-02fca879ab7520a073c0,property:BURGHLEY HOUSE WOODLANDS ROAD WEST VIRGINIA WATER GU25 4PN|GU254PN,"BURGHLEY HOUSE, WOODLANDS ROAD WEST, VIRGINIA WATER, GU25 4PN",BURGHLEY HOUSE,,WOODLANDS ROAD WEST,,VIRGINIA WATER,GU25 4PN,Runnymede,Detached,wentworth-estate,Wentworth Estate,A,traditional_private_estate,pe:wentworth-estate:woodlands-road-west:whole,surrey-private-estates-2026-07-22-corrected-6,verified,partial_ready,2300000,2004-08-02,runnymede-wentworth,A
lr-e914ef2f42d2a891a68e,property:EDGEHILL PASTENS ROAD OXTED RH8 0RE|RH80RE,"EDGEHILL, PASTENS ROAD, OXTED, RH8 0RE",EDGEHILL,,PASTENS ROAD,,OXTED,RH8 0RE,Tandridge,Detached,,,,,,surrey-private-estates-2026-07-22-corrected-6,,,2100000,2004-07-22,tandridge-oxted,A
lr-24cb1f72356058cb65a3,property:WOODSTOCK WESTWOOD ROAD WINDLESHAM GU20 6LW|GU206LW,"WOODSTOCK, WESTWOOD ROAD, WINDLESHAM, GU20 6LW",WOODSTOCK,,WESTWOOD ROAD,,WINDLESHAM,GU20 6LW,Surrey Heath,Detached,,,,,,surrey-private-estates-2026-07-22-corrected-6,,,2750000,2004-07-19,surrey-heath,A
lr-47ca719e05fba64cb5d5,property:CHIMNEYS YAFFLE ROAD WEYBRIDGE KT13 0QF|KT130QF,"CHIMNEYS, YAFFLE ROAD, WEYBRIDGE, KT13 0QF",CHIMNEYS,,YAFFLE ROAD,,WEYBRIDGE,KT13 0QF,Elmbridge,Detached,st-georges-hill,St George's Hill,A,traditional_private_estate,pe:st-georges-hill:yaffle-road:whole,surrey-private-estates-2026-07-22-corrected-6,verified,partial_ready,2250000,2004-07-16,elmbridge-prime,A
lr-54555194bffe9399d926,property:SPREAKLEY HOUSE FRENSHAM FARNHAM GU10 3EJ|GU103EJ,"SPREAKLEY HOUSE, FRENSHAM, FARNHAM, GU10 3EJ",SPREAKLEY HOUSE,,,FRENSHAM,FARNHAM,GU10 3EJ,Waverley,Detached,,,,,,surrey-private-estates-2026-07-22-corrected-6,,,2431000,2004-07-15,waverley-south-surrey,A
lr-91c923c4722bc5cb7f22,property:THATCHED COTTAGE CAVENDISH ROAD WEYBRIDGE KT13 0JZ|KT130JZ,"THATCHED COTTAGE, CAVENDISH ROAD, WEYBRIDGE, KT13 0JZ",THATCHED COTTAGE,,CAVENDISH ROAD,,WEYBRIDGE,KT13 0JZ,Elmbridge,Detached,st-georges-hill,St George's Hill,A,traditional_private_estate,pe:st-georges-hill:cavendish-road:whole,surrey-private-estates-2026-07-22-corrected-6,verified,partial_ready,2150000,2004-07-14,elmbridge-prime,A
lr-cf4e7220093740ff1a3d,property:2 ROSEBRIARS ESHER KT10 9NN|KT109NN,"2, ROSEBRIARS, ESHER, KT10 9NN",2,,ROSEBRIARS,,ESHER,KT10 9NN,Elmbridge,Detached,,,,,,surrey-private-estates-2026-07-22-corrected-6,,,2225000,2004-06-30,elmbridge-prime,A
lr-8a239a432b69b5ab5214,property:4A WARWICKS BENCH ROAD GUILDFORD GU1 3TL|GU13TL,"4A, WARWICKS BENCH ROAD, GUILDFORD, GU1 3TL",4A,,WARWICKS BENCH ROAD,,GUILDFORD,GU1 3TL,Guildford,Detached,,,,,,surrey-private-estates-2026-07-22-corrected-6,,,2195500,2004-06-18,guildford-district,A
lr-20f8fac5a29477620cce,property:VALVERDE GRANVILLE ROAD WEYBRIDGE KT13 0QJ|KT130QJ,"VALVERDE, GRANVILLE ROAD, WEYBRIDGE, KT13 0QJ",VALVERDE,,GRANVILLE ROAD,,WEYBRIDGE,KT13 0QJ,Elmbridge,Detached,st-georges-hill,St George's Hill,A,traditional_private_estate,pe:st-georges-hill:granville-road:whole,surrey-private-estates-2026-07-22-corrected-6,verified,partial_ready,2710000,2004-06-04,elmbridge-prime,A
lr-46fb59c6e9a37f2bd9cb,property:BROMPTON COURT 9 KINGS WARREN OXSHOTT LEATHERHEAD KT22 0PE|KT220PE,"BROMPTON COURT, 9, KINGS WARREN, OXSHOTT, LEATHERHEAD, KT22 0PE","BROMPTON COURT, 9",,KINGS WARREN,OXSHOTT,LEATHERHEAD,KT22 0PE,Elmbridge,Detached,crown-estate-oxshott,"Crown Estate, Oxshott",A,traditional_private_estate,pe:crown-estate-oxshott:kings-warren:whole,surrey-private-estates-2026-07-22-corrected-6,verified_multi_source,partial_ready,2850000,2004-06-01,elmbridge-prime,A
lr-842b7cd517a3fe1ca46b,property:ABBOTS MOUNT 1 ABBOTSWOOD DRIVE WEYBRIDGE KT13 0LT|KT130LT,"ABBOTS MOUNT, 1, ABBOTSWOOD DRIVE, WEYBRIDGE, KT13 0LT","ABBOTS MOUNT, 1",,ABBOTSWOOD DRIVE,,WEYBRIDGE,KT13 0LT,Elmbridge,Detached,st-georges-hill,St George's Hill,A,traditional_private_estate,pe:st-georges-hill:abbotswood-drive:whole,surrey-private-estates-2026-07-22-corrected-6,verified,partial_ready,2100000,2004-05-28,elmbridge-prime,A
lr-9da73e416731e7d8bd71,property:SILVERWOOD QUEENS DRIVE OXSHOTT LEATHERHEAD KT22 0PB|KT220PB,"SILVERWOOD, QUEENS DRIVE, OXSHOTT, LEATHERHEAD, KT22 0PB",SILVERWOOD,,QUEENS DRIVE,OXSHOTT,LEATHERHEAD,KT22 0PB,Elmbridge,Detached,crown-estate-oxshott,"Crown Estate, Oxshott",A,traditional_private_estate,pe:crown-estate-oxshott:queens-drive:whole,surrey-private-estates-2026-07-22-corrected-6,verified_multi_source,partial_ready,2850000,2004-05-27,elmbridge-prime,A
lr-4f00e3e4a5a89abb8f82,property:EAST WARRENERS LODGE EAST WARRENERS EAST ROAD WEYBRIDGE KT13 0LD|KT130LD,"EAST WARRENERS LODGE, EAST WARRENERS, EAST ROAD, WEYBRIDGE, KT13 0LD",EAST WARRENERS,EAST WARRENERS LODGE,EAST ROAD,,WEYBRIDGE,KT13 0LD,Elmbridge,Detached,st-georges-hill,St George's Hill,A,traditional_private_estate,pe:st-georges-hill:east-road:whole,surrey-private-estates-2026-07-22-corrected-6,verified,partial_ready,2500000,2004-05-22,elmbridge-prime,A
lr-5060e677ddc42e3ca8f6,property:HERONSPOOL ACCOMMODATION ROAD LONGCROSS CHERTSEY KT16 0EJ|KT160EJ,"HERONSPOOL, ACCOMMODATION ROAD, LONGCROSS, CHERTSEY, KT16 0EJ",HERONSPOOL,,ACCOMMODATION ROAD,LONGCROSS,CHERTSEY,KT16 0EJ,Runnymede,Detached,,,,,,surrey-private-estates-2026-07-22-corrected-6,,,2150000,2004-05-12,runnymede-wentworth,A
lr-dbacd90452c304b5c25b,property:LING POINT COBBETTS HILL WEYBRIDGE KT13 0UB|KT130UB,"LING POINT, COBBETTS HILL, WEYBRIDGE, KT13 0UB",LING POINT,,COBBETTS HILL,,WEYBRIDGE,KT13 0UB,Elmbridge,Detached,,,,,,surrey-private-estates-2026-07-22-corrected-6,,,2060000,2004-05-11,elmbridge-prime,A
lr-57d897dbe6b585281207,property:CULLEN HOUSE CAMP END ROAD WEYBRIDGE KT13 0NR|KT130NR,"CULLEN HOUSE, CAMP END ROAD, WEYBRIDGE, KT13 0NR",CULLEN HOUSE,,CAMP END ROAD,,WEYBRIDGE,KT13 0NR,Elmbridge,Detached,st-georges-hill,St George's Hill,A,traditional_private_estate,pe:st-georges-hill:camp-end-road:whole,surrey-private-estates-2026-07-22-corrected-6,verified,partial_ready,3150000,2004-04-30,elmbridge-prime,A
lr-407976ec3f4293eae7df,property:SANDLEFORD WARRENERS LANE WEYBRIDGE KT13 0LH|KT130LH,"SANDLEFORD, WARRENERS LANE, WEYBRIDGE, KT13 0LH",SANDLEFORD,,WARRENERS LANE,,WEYBRIDGE,KT13 0LH,Elmbridge,Detached,st-georges-hill,St George's Hill,A,traditional_private_estate,pe:st-georges-hill:warreners-lane:whole,surrey-private-estates-2026-07-22-corrected-6,verified,partial_ready,2050000,2004-04-29,elmbridge-prime,A
lr-bc76cf3a7055fce28ba3,property:3 BIRDS HILL DRIVE OXSHOTT LEATHERHEAD KT22 0SP|KT220SP,"3, BIRDS HILL DRIVE, OXSHOTT, LEATHERHEAD, KT22 0SP",3,,BIRDS HILL DRIVE,OXSHOTT,LEATHERHEAD,KT22 0SP,Elmbridge,Detached,crown-estate-oxshott,"Crown Estate, Oxshott",A,traditional_private_estate,pe:crown-estate-oxshott:birds-hill-drive:whole,surrey-private-estates-2026-07-22-corrected-6,verified_multi_source,partial_ready,3250000,2004-04-22,elmbridge-prime,A
lr-5d7ba5bb7f943813e0e4,property:BIRCHWOOD LAKE ROAD VIRGINIA WATER GU25 4PP|GU254PP,"BIRCHWOOD, LAKE ROAD, VIRGINIA WATER, GU25 4PP",BIRCHWOOD,,LAKE ROAD,,VIRGINIA WATER,GU25 4PP,Runnymede,Detached,wentworth-estate,Wentworth Estate,A,traditional_private_estate,pe:wentworth-estate:lake-road:whole,surrey-private-estates-2026-07-22-corrected-6,verified,partial_ready,2300000,2004-04-19,runnymede-wentworth,A
lr-43e113c5682942380891,property:WASHINGTON OLD AVENUE WEYBRIDGE KT13 0QB|KT130QB,"WASHINGTON, OLD AVENUE, WEYBRIDGE, KT13 0QB",WASHINGTON,,OLD AVENUE,,WEYBRIDGE,KT13 0QB,Elmbridge,Detached,,,,,,surrey-private-estates-2026-07-22-corrected-6,,,2400000,2004-04-16,elmbridge-prime,A
lr-39578bd6114721c7ac50,property:WESTON HOUSE THE STREET ALBURY GUILDFORD GU5 9AE|GU59AE,"WESTON HOUSE, THE STREET, ALBURY, GUILDFORD, GU5 9AE",WESTON HOUSE,,THE STREET,ALBURY,GUILDFORD,GU5 9AE,Guildford,Detached,,,,,,surrey-private-estates-2026-07-22-corrected-6,,,2056000,2004-03-24,guildford-district,A
lr-139d89abbb302b409ddb,property:WALCOT HOUSE WEST DRIVE VIRGINIA WATER GU25 4ND|GU254ND,"WALCOT HOUSE, WEST DRIVE, VIRGINIA WATER, GU25 4ND",WALCOT HOUSE,,WEST DRIVE,,VIRGINIA WATER,GU25 4ND,Runnymede,Detached,wentworth-estate,Wentworth Estate,A,traditional_private_estate,pe:wentworth-estate:west-drive:whole,surrey-private-estates-2026-07-22-corrected-6,verified,partial_ready,2025000,2004-03-18,runnymede-wentworth,A
lr-9282e3076b2ee1b82bc2,property:CHURCHILL HOUSE PORTNALL RISE VIRGINIA WATER GU25 4JZ|GU254JZ,"CHURCHILL HOUSE, PORTNALL RISE, VIRGINIA WATER, GU25 4JZ",CHURCHILL HOUSE,,PORTNALL RISE,,VIRGINIA WATER,GU25 4JZ,Runnymede,Detached,wentworth-estate,Wentworth Estate,A,traditional_private_estate,pe:wentworth-estate:portnall-rise:whole,surrey-private-estates-2026-07-22-corrected-6,verified,partial_ready,3850000,2004-03-11,runnymede-wentworth,A
lr-621d5b983daf270ac833,property:5 EATON PARK ROAD COBHAM KT11 2JG|KT112JG,"5, EATON PARK ROAD, COBHAM, KT11 2JG",5,,EATON PARK ROAD,,COBHAM,KT11 2JG,Elmbridge,Detached,eaton-park,Eaton Park,A,traditional_private_estate,pe:eaton-park:eaton-park-road:whole,surrey-private-estates-2026-07-22-corrected-6,verified,ready,2250000,2004-03-09,elmbridge-prime,A
lr-4f5862ad399c9402f020,property:183 SILVERDALE AVENUE WALTON ON THAMES KT12 1EL|KT121EL,"183, SILVERDALE AVENUE, WALTON-ON-THAMES, KT12 1EL",183,,SILVERDALE AVENUE,,WALTON-ON-THAMES,KT12 1EL,Elmbridge,Detached,,,,,,surrey-private-estates-2026-07-22-corrected-6,,,2000000,2004-03-08,elmbridge-prime,A
lr-8d419fd57b14484a64ed,property:45 LEIGH HILL ROAD COBHAM KT11 2HU|KT112HU,"45, LEIGH HILL ROAD, COBHAM, KT11 2HU",45,,LEIGH HILL ROAD,,COBHAM,KT11 2HU,Elmbridge,Detached,,,,,,surrey-private-estates-2026-07-22-corrected-6,,,2000000,2004-02-26,elmbridge-prime,A
lr-1129f427a729b84c9e7e,property:BLANDINGS PINEWOOD ROAD VIRGINIA WATER GU25 4PA|GU254PA,"BLANDINGS, PINEWOOD ROAD, VIRGINIA WATER, GU25 4PA",BLANDINGS,,PINEWOOD ROAD,,VIRGINIA WATER,GU25 4PA,Runnymede,Detached,wentworth-estate,Wentworth Estate,A,traditional_private_estate,pe:wentworth-estate:pinewood-road:whole,surrey-private-estates-2026-07-22-corrected-6,verified,partial_ready,2635000,2004-02-04,runnymede-wentworth,A
lr-36f167a4f2208a0b24aa,property:BRAMBLETYE OLD AVENUE WEYBRIDGE KT13 0QA|KT130QA,"BRAMBLETYE, OLD AVENUE, WEYBRIDGE, KT13 0QA",BRAMBLETYE,,OLD AVENUE,,WEYBRIDGE,KT13 0QA,Elmbridge,Detached,,,,,,surrey-private-estates-2026-07-22-corrected-6,,,2650000,2004-01-30,elmbridge-prime,A
lr-ff959dae2a8775b4e539,property:STRATFIELD HOUSE WELLINGTON AVENUE VIRGINIA WATER GU25 4QN|GU254QN,"STRATFIELD HOUSE, WELLINGTON AVENUE, VIRGINIA WATER, GU25 4QN",STRATFIELD HOUSE,,WELLINGTON AVENUE,,VIRGINIA WATER,GU25 4QN,Runnymede,Detached,,,,,,surrey-private-estates-2026-07-22-corrected-6,,,3000000,2004-01-27,runnymede-wentworth,A
lr-8fadee55bc8030495879,property:THE OLD RECTORY RECTORY LANE SHERE GUILDFORD GU5 9HZ|GU59HZ,"THE OLD RECTORY, RECTORY LANE, SHERE, GUILDFORD, GU5 9HZ",THE OLD RECTORY,,RECTORY LANE,SHERE,GUILDFORD,GU5 9HZ,Guildford,Detached,,,,,,surrey-private-estates-2026-07-22-corrected-6,,,2750000,2004-01-23,guildford-district,A
lr-9638f2585627b10296c0,property:BEALESWOOD HOUSE BEALESWOOD LANE DOCKENFIELD FARNHAM GU10 4HS|GU104HS,"BEALESWOOD HOUSE, BEALESWOOD LANE, DOCKENFIELD, FARNHAM, GU10 4HS",BEALESWOOD HOUSE,,BEALESWOOD LANE,DOCKENFIELD,FARNHAM,GU10 4HS,Waverley,Detached,,,,,,surrey-private-estates-2026-07-22-corrected-6,,,2025000,2004-01-09,waverley-south-surrey,A
lr-fbd859a15a1022ad74d3,property:BODSWOOD PORTNALL DRIVE VIRGINIA WATER GU25 4NR|GU254NR,"BODSWOOD, PORTNALL DRIVE, VIRGINIA WATER, GU25 4NR",BODSWOOD,,PORTNALL DRIVE,,VIRGINIA WATER,GU25 4NR,Runnymede,Detached,wentworth-estate,Wentworth Estate,A,traditional_private_estate,pe:wentworth-estate:portnall-drive:whole,surrey-private-estates-2026-07-22-corrected-6,verified,partial_ready,2400000,2003-12-05,runnymede-wentworth,A
lr-67b0800e7e4c37356821,property:KENNEL MOOR COTTAGE LOWER MOUSHILL LANE MILFORD GODALMING GU8 5JX|GU85JX,"KENNEL MOOR COTTAGE, LOWER MOUSHILL LANE, MILFORD, GODALMING, GU8 5JX",KENNEL MOOR COTTAGE,,LOWER MOUSHILL LANE,MILFORD,GODALMING,GU8 5JX,Waverley,Detached,,,,,,surrey-private-estates-2026-07-22-corrected-6,,,2100000,2003-12-01,waverley-south-surrey,A
lr-7c81ecbd3d33d29c3259,property:DRAGON WYCK OLD AVENUE WEYBRIDGE KT13 0PY|KT130PY,"DRAGON WYCK, OLD AVENUE, WEYBRIDGE, KT13 0PY",DRAGON WYCK,,OLD AVENUE,,WEYBRIDGE,KT13 0PY,Elmbridge,Detached,,,,,,surrey-private-estates-2026-07-22-corrected-6,,,2750000,2003-11-24,elmbridge-prime,A
lr-a6adfe9c422b6b26344e,property:OLD GREENWICH 22 BLACKHILLS ESHER KT10 9JW|KT109JW,"OLD GREENWICH, 22, BLACKHILLS, ESHER, KT10 9JW","OLD GREENWICH, 22",,BLACKHILLS,,ESHER,KT10 9JW,Elmbridge,Detached,,,,,,surrey-private-estates-2026-07-22-corrected-6,,,2450000,2003-11-18,elmbridge-prime,A
lr-b757efc0c98085122c5f,property:15 HAREBELL HILL COBHAM KT11 2RS|KT112RS,"15, HAREBELL HILL, COBHAM, KT11 2RS",15,,HAREBELL HILL,,COBHAM,KT11 2RS,Elmbridge,Detached,oxshott-way-estate,Oxshott Way Estate,A,traditional_private_estate,pe:oxshott-way-estate:harebell-hill:whole,surrey-private-estates-2026-07-22-corrected-6,verified,ready,2425000,2003-11-05,elmbridge-prime,A
lr-25ccdd58ca9f10862a65,property:BURROWS HILL BURROWS LANE GOMSHALL GUILDFORD GU5 9QE|GU59QE,"BURROWS HILL, BURROWS LANE, GOMSHALL, GUILDFORD, GU5 9QE",BURROWS HILL,,BURROWS LANE,GOMSHALL,GUILDFORD,GU5 9QE,Guildford,Detached,,,,,,surrey-private-estates-2026-07-22-corrected-6,,,2250000,2003-10-31,guildford-district,A
lr-6d45d797b6f49aa65d5b,property:COXLAND SOMERSBURY LANE EWHURST CRANLEIGH GU6 7SP|GU67SP,"COXLAND, SOMERSBURY LANE, EWHURST, CRANLEIGH, GU6 7SP",COXLAND,,SOMERSBURY LANE,EWHURST,CRANLEIGH,GU6 7SP,Waverley,Detached,,,,,,surrey-private-estates-2026-07-22-corrected-6,,,2100000,2003-10-31,waverley-south-surrey,A
lr-e7fbb8b8e640e9dbae30,property:CINNABAR PORTNALL DRIVE VIRGINIA WATER GU25 4NR|GU254NR,"CINNABAR, PORTNALL DRIVE, VIRGINIA WATER, GU25 4NR",CINNABAR,,PORTNALL DRIVE,,VIRGINIA WATER,GU25 4NR,Runnymede,Detached,wentworth-estate,Wentworth Estate,A,traditional_private_estate,pe:wentworth-estate:portnall-drive:whole,surrey-private-estates-2026-07-22-corrected-6,verified,partial_ready,3800000,2003-10-01,runnymede-wentworth,A
lr-2ba33e257b18bc028fb7,property:FIRS COTTAGE PORTSMOUTH ROAD ESHER KT10 9JH|KT109JH,"FIRS COTTAGE, PORTSMOUTH ROAD, ESHER, KT10 9JH",FIRS COTTAGE,,PORTSMOUTH ROAD,,ESHER,KT10 9JH,Elmbridge,Detached,,,,,,surrey-private-estates-2026-07-22-corrected-6,,,4000000,2003-09-29,elmbridge-prime,A
lr-56dda92c539f9ff6f811,property:EAGLE LODGE WELLINGTON AVENUE VIRGINIA WATER GU25 4QN|GU254QN,"EAGLE LODGE, WELLINGTON AVENUE, VIRGINIA WATER, GU25 4QN",EAGLE LODGE,,WELLINGTON AVENUE,,VIRGINIA WATER,GU25 4QN,Runnymede,Detached,,,,,,surrey-private-estates-2026-07-22-corrected-6,,,2246500,2003-09-25,runnymede-wentworth,A
lr-94f8901265330c4c0028,property:THE RED LODGE BRIGHTON ROAD KINGSWOOD TADWORTH KT20 6UQ|KT206UQ,"THE RED LODGE, BRIGHTON ROAD, KINGSWOOD, TADWORTH, KT20 6UQ",THE RED LODGE,,BRIGHTON ROAD,KINGSWOOD,TADWORTH,KT20 6UQ,Reigate and Banstead,Detached,,,,,,surrey-private-estates-2026-07-22-corrected-6,,,3100000,2003-08-18,reigate-banstead,A
lr-814c354f5f17396fcbb9,property:4 MONTROSE GARDENS OXSHOTT LEATHERHEAD KT22 0UU|KT220UU,"4, MONTROSE GARDENS, OXSHOTT, LEATHERHEAD, KT22 0UU",4,,MONTROSE GARDENS,OXSHOTT,LEATHERHEAD,KT22 0UU,Elmbridge,Detached,crown-estate-oxshott,"Crown Estate, Oxshott",A,traditional_private_estate,pe:crown-estate-oxshott:montrose-gardens:whole,surrey-private-estates-2026-07-22-corrected-6,verified_multi_source,partial_ready,2020000,2003-08-11,elmbridge-prime,A
lr-af161fac72eea6c4b863,property:KINSELLA THE DRIVE WONERSH GUILDFORD GU5 0QW|GU50QW,"KINSELLA, THE DRIVE, WONERSH, GUILDFORD, GU5 0QW",KINSELLA,,THE DRIVE,WONERSH,GUILDFORD,GU5 0QW,Waverley,Detached,,,,,,surrey-private-estates-2026-07-22-corrected-6,,,2180000,2003-07-31,waverley-south-surrey,A
lr-8720a132695f1b746da9,property:5 BIRDS HILL DRIVE OXSHOTT LEATHERHEAD KT22 0SP|KT220SP,"5, BIRDS HILL DRIVE, OXSHOTT, LEATHERHEAD, KT22 0SP",5,,BIRDS HILL DRIVE,OXSHOTT,LEATHERHEAD,KT22 0SP,Elmbridge,Detached,crown-estate-oxshott,"Crown Estate, Oxshott",A,traditional_private_estate,pe:crown-estate-oxshott:birds-hill-drive:whole,surrey-private-estates-2026-07-22-corrected-6,verified_multi_source,partial_ready,2100000,2003-07-25,elmbridge-prime,A
lr-196aeba5d2437d30e102,property:WYCHWOOD HOUSE QUEENS DRIVE OXSHOTT LEATHERHEAD KT22 0PH|KT220PH,"WYCHWOOD HOUSE, QUEENS DRIVE, OXSHOTT, LEATHERHEAD, KT22 0PH",WYCHWOOD HOUSE,,QUEENS DRIVE,OXSHOTT,LEATHERHEAD,KT22 0PH,Elmbridge,Detached,crown-estate-oxshott,"Crown Estate, Oxshott",A,traditional_private_estate,pe:crown-estate-oxshott:queens-drive:whole,surrey-private-estates-2026-07-22-corrected-6,verified_multi_source,partial_ready,2250000,2003-07-03,elmbridge-prime,A
lr-87cfa909228d02394ad0,property:HALSEY HOUSE OCKHAM LANE COBHAM KT11 1LT|KT111LT,"HALSEY HOUSE, OCKHAM LANE, COBHAM, KT11 1LT",HALSEY HOUSE,,OCKHAM LANE,,COBHAM,KT11 1LT,Elmbridge,Detached,,,,,,surrey-private-estates-2026-07-22-corrected-6,,,2000000,2003-07-01,elmbridge-prime,A
lr-9e45be7e719cac37f8bf,property:PORTNALL HILL PORTNALL DRIVE VIRGINIA WATER GU25 4NW|GU254NW,"PORTNALL HILL, PORTNALL DRIVE, VIRGINIA WATER, GU25 4NW",PORTNALL HILL,,PORTNALL DRIVE,,VIRGINIA WATER,GU25 4NW,Runnymede,Detached,wentworth-estate,Wentworth Estate,A,traditional_private_estate,pe:wentworth-estate:portnall-drive:whole,surrey-private-estates-2026-07-22-corrected-6,verified,partial_ready,2900000,2003-06-27,runnymede-wentworth,A
lr-6b1bfca17a22b9d380e1,property:CHILTON HOUSE RAVENSCROFT ROAD WEYBRIDGE KT13 0NX|KT130NX,"CHILTON HOUSE, RAVENSCROFT ROAD, WEYBRIDGE, KT13 0NX",CHILTON HOUSE,,RAVENSCROFT ROAD,,WEYBRIDGE,KT13 0NX,Elmbridge,Detached,st-georges-hill,St George's Hill,A,traditional_private_estate,pe:st-georges-hill:ravenscroft-road:whole,surrey-private-estates-2026-07-22-corrected-6,verified,partial_ready,2500000,2003-05-16,elmbridge-prime,A
lr-139ef27ae213d52e2cf6,property:COOMBE HEAD BUNCH LANE HASLEMERE GU27 1AJ|GU271AJ,"COOMBE HEAD, BUNCH LANE, HASLEMERE, GU27 1AJ",COOMBE HEAD,,BUNCH LANE,,HASLEMERE,GU27 1AJ,Waverley,Detached,,,,,,surrey-private-estates-2026-07-22-corrected-6,,,2950000,2003-04-11,waverley-south-surrey,A
lr-e60ffe8652cd3f50c8fb,property:WOODSTOCK WESTWOOD ROAD WINDLESHAM GU20 6LW|GU206LW,"WOODSTOCK, WESTWOOD ROAD, WINDLESHAM, GU20 6LW",WOODSTOCK,,WESTWOOD ROAD,,WINDLESHAM,GU20 6LW,Surrey Heath,Detached,,,,,,surrey-private-estates-2026-07-22-corrected-6,,,2500000,2003-04-11,surrey-heath,A
lr-4ca532444065989a8053,property:WESTON LODGE THE STREET ALBURY GUILDFORD GU5 9AE|GU59AE,"WESTON LODGE, THE STREET, ALBURY, GUILDFORD, GU5 9AE",WESTON LODGE,,THE STREET,ALBURY,GUILDFORD,GU5 9AE,Guildford,Detached,,,,,,surrey-private-estates-2026-07-22-corrected-6,,,2000000,2003-03-31,guildford-district,A
lr-cfa36d918512c8805aac,property:4 FAIRMILE AVENUE COBHAM KT11 2JB|KT112JB,"4, FAIRMILE AVENUE, COBHAM, KT11 2JB",4,,FAIRMILE AVENUE,,COBHAM,KT11 2JB,Elmbridge,Detached,eaton-park,Eaton Park,A,traditional_private_estate,pe:eaton-park:fairmile-avenue:whole,surrey-private-estates-2026-07-22-corrected-6,verified,ready,2400000,2003-02-28,elmbridge-prime,A
lr-ca1923ead1cd1f58d22b,property:PINECROFT GOLF CLUB ROAD WEYBRIDGE KT13 0NN|KT130NN,"PINECROFT, GOLF CLUB ROAD, WEYBRIDGE, KT13 0NN",PINECROFT,,GOLF CLUB ROAD,,WEYBRIDGE,KT13 0NN,Elmbridge,Detached,st-georges-hill,St George's Hill,A,traditional_private_estate,pe:st-georges-hill:golf-club-road:whole,surrey-private-estates-2026-07-22-corrected-6,verified,partial_ready,2000000,2003-02-11,elmbridge-prime,A
lr-a4c78130ddf6d198fa01,property:CORNERWAYS WEST ROAD WEYBRIDGE KT13 0LY|KT130LY,"CORNERWAYS, WEST ROAD, WEYBRIDGE, KT13 0LY",CORNERWAYS,,WEST ROAD,,WEYBRIDGE,KT13 0LY,Elmbridge,Detached,st-georges-hill,St George's Hill,A,traditional_private_estate,pe:st-georges-hill:west-road:whole,surrey-private-estates-2026-07-22-corrected-6,verified,partial_ready,3275000,2003-02-07,elmbridge-prime,A
lr-09738da2a0dd71f9c0af,property:10 EATON PARK COBHAM KT11 2JE|KT112JE,"10, EATON PARK, COBHAM, KT11 2JE",10,,EATON PARK,,COBHAM,KT11 2JE,Elmbridge,Detached,eaton-park,Eaton Park,A,traditional_private_estate,pe:eaton-park:eaton-park:whole,surrey-private-estates-2026-07-22-corrected-6,verified,ready,2150000,2003-01-30,elmbridge-prime,A
lr-5385f20bb0d8df48f562,property:HIGH CANFOLD FARM BARHATCH LANE CRANLEIGH GU6 7NH|GU67NH,"HIGH CANFOLD FARM, BARHATCH LANE, CRANLEIGH, GU6 7NH",HIGH CANFOLD FARM,,BARHATCH LANE,,CRANLEIGH,GU6 7NH,Waverley,Detached,,,,,,surrey-private-estates-2026-07-22-corrected-6,,,2800000,2003-01-24,waverley-south-surrey,A
lr-40a1d775661184d005ee,property:MAGNOLIA HEIGHTS MOLES HILL OXSHOTT LEATHERHEAD KT22 0QB|KT220QB,"MAGNOLIA HEIGHTS, MOLES HILL, OXSHOTT, LEATHERHEAD, KT22 0QB",MAGNOLIA HEIGHTS,,MOLES HILL,OXSHOTT,LEATHERHEAD,KT22 0QB,Elmbridge,Detached,crown-estate-oxshott,"Crown Estate, Oxshott",A,traditional_private_estate,pe:crown-estate-oxshott:moles-hill:whole,surrey-private-estates-2026-07-22-corrected-6,verified_multi_source,partial_ready,2150000,2003-01-24,elmbridge-prime,A
lr-db310af7e8230c1296ea,property:COMPTON HOUSE FAIRMILE PARK ROAD COBHAM KT11 2PG|KT112PG,"COMPTON HOUSE, FAIRMILE PARK ROAD, COBHAM, KT11 2PG",COMPTON HOUSE,,FAIRMILE PARK ROAD,,COBHAM,KT11 2PG,Elmbridge,Detached,,,,,,surrey-private-estates-2026-07-22-corrected-6,,,2200000,2003-01-16,elmbridge-prime,A
lr-903e2c13c29e252672ad,property:NEW PIPERS GORSE HILL ROAD VIRGINIA WATER GU25 4AP|GU254AP,"NEW PIPERS, GORSE HILL ROAD, VIRGINIA WATER, GU25 4AP",NEW PIPERS,,GORSE HILL ROAD,,VIRGINIA WATER,GU25 4AP,Runnymede,Detached,,,,,,surrey-private-estates-2026-07-22-corrected-6,,,3500000,2002-12-23,runnymede-wentworth,A
lr-036da1b0d79e435bb77a,property:HILL HOUSE FARM SOMERSBURY LANE RUDGWICK HORSHAM RH12 3AT|RH123AT,"HILL HOUSE FARM, SOMERSBURY LANE, RUDGWICK, HORSHAM, RH12 3AT",HILL HOUSE FARM,,SOMERSBURY LANE,RUDGWICK,HORSHAM,RH12 3AT,Waverley,Detached,,,,,,surrey-private-estates-2026-07-22-corrected-6,,,2180000,2002-12-20,waverley-south-surrey,A
lr-1f2ea8e72f71964b55a8,property:29 PRINCES DRIVE OXSHOTT LEATHERHEAD KT22 0UL|KT220UL,"29, PRINCES DRIVE, OXSHOTT, LEATHERHEAD, KT22 0UL",29,,PRINCES DRIVE,OXSHOTT,LEATHERHEAD,KT22 0UL,Elmbridge,Detached,crown-estate-oxshott,"Crown Estate, Oxshott",A,traditional_private_estate,pe:crown-estate-oxshott:prince-s-drive:whole,surrey-private-estates-2026-07-22-corrected-6,verified_multi_source,partial_ready,2825000,2002-12-12,elmbridge-prime,A
lr-8d1947b2565362d031e4,property:LOWER MOLE HOUSE TILT ROAD COBHAM KT11 3HS|KT113HS,"LOWER MOLE HOUSE, TILT ROAD, COBHAM, KT11 3HS",LOWER MOLE HOUSE,,TILT ROAD,,COBHAM,KT11 3HS,Elmbridge,Detached,,,,,,surrey-private-estates-2026-07-22-corrected-6,,,2075000,2002-11-29,elmbridge-prime,A
lr-bad5240e44180950da03,property:BROOK HOUSE WESTWOOD ROAD WINDLESHAM GU20 6LX|GU206LX,"BROOK HOUSE, WESTWOOD ROAD, WINDLESHAM, GU20 6LX",BROOK HOUSE,,WESTWOOD ROAD,,WINDLESHAM,GU20 6LX,Surrey Heath,Detached,,,,,,surrey-private-estates-2026-07-22-corrected-6,,,3575000,2002-11-22,surrey-heath,A
lr-49ef3942bd6dc396ebbe,property:1 ABBOTS DRIVE VIRGINIA WATER GU25 4QS|GU254QS,"1, ABBOTS DRIVE, VIRGINIA WATER, GU25 4QS",1,,ABBOTS DRIVE,,VIRGINIA WATER,GU25 4QS,Runnymede,Detached,wentworth-estate,Wentworth Estate,A,traditional_private_estate,pe:wentworth-estate:abbots-drive:whole,surrey-private-estates-2026-07-22-corrected-6,verified,partial_ready,2000000,2002-11-22,runnymede-wentworth,A
lr-32c639d41c5e56e1cd5b,property:ROPPELEGHS WEST END LANE HASLEMERE GU27 2EN|GU272EN,"ROPPELEGHS, WEST END LANE, HASLEMERE, GU27 2EN",ROPPELEGHS,,WEST END LANE,,HASLEMERE,GU27 2EN,Waverley,Detached,,,,,,surrey-private-estates-2026-07-22-corrected-6,,,2000000,2002-11-19,waverley-south-surrey,A
lr-1156557cbf083b160589,property:1 HECKETS COURT ESHER KT10 9HN|KT109HN,"1, HECKETS COURT, ESHER, KT10 9HN",1,,HECKETS COURT,,ESHER,KT10 9HN,Elmbridge,Detached,,,,,,surrey-private-estates-2026-07-22-corrected-6,,,2200000,2002-11-14,elmbridge-prime,A
lr-7b25c43cc0addb3da82b,property:LAKE HOUSE LAKE ROAD VIRGINIA WATER GU25 4QW|GU254QW,"LAKE HOUSE, LAKE ROAD, VIRGINIA WATER, GU25 4QW",LAKE HOUSE,,LAKE ROAD,,VIRGINIA WATER,GU25 4QW,Runnymede,Detached,wentworth-estate,Wentworth Estate,A,traditional_private_estate,pe:wentworth-estate:lake-road:whole,surrey-private-estates-2026-07-22-corrected-6,verified,partial_ready,3300000,2002-10-31,runnymede-wentworth,A
lr-745567e180a55bd3f6c9,property:THURSLEY HALL FARNHAM LANE HASLEMERE GU27 1HA|GU271HA,"THURSLEY HALL, FARNHAM LANE, HASLEMERE, GU27 1HA",THURSLEY HALL,,FARNHAM LANE,,HASLEMERE,GU27 1HA,Waverley,Detached,,,,,,surrey-private-estates-2026-07-22-corrected-6,,,2145000,2002-10-31,waverley-south-surrey,A
lr-0db48de3bab51e2b39ff,property:ALDERMOOR HOLMBURY ST MARY DORKING RH5 6NR|RH56NR,"ALDERMOOR, HOLMBURY ST MARY, DORKING, RH5 6NR",ALDERMOOR,,,HOLMBURY ST MARY,DORKING,RH5 6NR,Guildford,Detached,,,,,,surrey-private-estates-2026-07-22-corrected-6,,,2215000,2002-10-22,guildford-district,A
lr-d785e9c02dbcf8bd03b4,property:LILLIAN FELS PEASLAKE ROAD EWHURST CRANLEIGH GU6 7NT|GU67NT,"LILLIAN FELS, PEASLAKE ROAD, EWHURST, CRANLEIGH, GU6 7NT",LILLIAN FELS,,PEASLAKE ROAD,EWHURST,CRANLEIGH,GU6 7NT,Waverley,Detached,,,,,,surrey-private-estates-2026-07-22-corrected-6,,,4075000,2002-10-11,waverley-south-surrey,A
lr-799400b0513906a97a56,property:SOUTHBOROUGH HOUSE 22 BROADWATER ROAD SOUTH HERSHAM WALTON ON THAMES KT12 5DE|KT125DE,"SOUTHBOROUGH HOUSE, 22, BROADWATER ROAD SOUTH, HERSHAM, WALTON-ON-THAMES, KT12 5DE","SOUTHBOROUGH HOUSE, 22",,BROADWATER ROAD SOUTH,HERSHAM,WALTON-ON-THAMES,KT12 5DE,Elmbridge,Detached,burwood-park,Burwood Park,A,traditional_private_estate,pe:burwood-park:broadwater-road-south:whole,surrey-private-estates-2026-07-22-corrected-6,verified,ready,2100000,2002-09-17,elmbridge-prime,A
lr-c08473b8ef083f84818f,property:15 KINGS WARREN OXSHOTT LEATHERHEAD KT22 0PE|KT220PE,"15, KINGS WARREN, OXSHOTT, LEATHERHEAD, KT22 0PE",15,,KINGS WARREN,OXSHOTT,LEATHERHEAD,KT22 0PE,Elmbridge,Detached,crown-estate-oxshott,"Crown Estate, Oxshott",A,traditional_private_estate,pe:crown-estate-oxshott:kings-warren:whole,surrey-private-estates-2026-07-22-corrected-6,verified_multi_source,partial_ready,2800000,2002-09-10,elmbridge-prime,A
lr-eb2053265a8d166cda4e,property:HILL HOUSE WARRENERS LANE WEYBRIDGE KT13 0LH|KT130LH,"HILL HOUSE, WARRENERS LANE, WEYBRIDGE, KT13 0LH",HILL HOUSE,,WARRENERS LANE,,WEYBRIDGE,KT13 0LH,Elmbridge,Detached,st-georges-hill,St George's Hill,A,traditional_private_estate,pe:st-georges-hill:warreners-lane:whole,surrey-private-estates-2026-07-22-corrected-6,verified,partial_ready,6250000,2002-08-30,elmbridge-prime,A
lr-436fb998cd0b9cbe3ded,property:8A EATON PARK COBHAM KT11 2JE|KT112JE,"8A, EATON PARK, COBHAM, KT11 2JE",8A,,EATON PARK,,COBHAM,KT11 2JE,Elmbridge,Detached,eaton-park,Eaton Park,A,traditional_private_estate,pe:eaton-park:eaton-park:whole,surrey-private-estates-2026-07-22-corrected-6,verified,ready,2450000,2002-08-16,elmbridge-prime,A
lr-0f6feb974a04b30ca150,property:HERON COURT EAST ROAD WEYBRIDGE KT13 0LF|KT130LF,"HERON COURT, EAST ROAD, WEYBRIDGE, KT13 0LF",HERON COURT,,EAST ROAD,,WEYBRIDGE,KT13 0LF,Elmbridge,Detached,st-georges-hill,St George's Hill,A,traditional_private_estate,pe:st-georges-hill:east-road:whole,surrey-private-estates-2026-07-22-corrected-6,verified,partial_ready,2700000,2002-08-15,elmbridge-prime,A
lr-26f9d1fbbd8b4367f480,property:BARNFIELD ALFOLD ROAD DUNSFOLD GODALMING GU8 4NP|GU84NP,"BARNFIELD, ALFOLD ROAD, DUNSFOLD, GODALMING, GU8 4NP",BARNFIELD,,ALFOLD ROAD,DUNSFOLD,GODALMING,GU8 4NP,Waverley,Detached,,,,,,surrey-private-estates-2026-07-22-corrected-6,,,3275000,2002-08-07,waverley-south-surrey,A
lr-d2ca27883707c723a0ec,property:11 CLARE HILL ESHER KT10 9NA|KT109NA,"11, CLARE HILL, ESHER, KT10 9NA",11,,CLARE HILL,,ESHER,KT10 9NA,Elmbridge,Detached,,,,,,surrey-private-estates-2026-07-22-corrected-6,,,2900000,2002-08-02,elmbridge-prime,A
lr-e6f096dd5817e83cea41,property:4 FURZE FIELD OXSHOTT LEATHERHEAD KT22 0UR|KT220UR,"4, FURZE FIELD, OXSHOTT, LEATHERHEAD, KT22 0UR",4,,FURZE FIELD,OXSHOTT,LEATHERHEAD,KT22 0UR,Elmbridge,Detached,crown-estate-oxshott,"Crown Estate, Oxshott",A,traditional_private_estate,pe:crown-estate-oxshott:furze-field:whole,surrey-private-estates-2026-07-22-corrected-6,verified_multi_source,partial_ready,2450000,2002-07-31,elmbridge-prime,A
lr-18820ac2aa8be5695934,property:RYTHE HEAD HOUSE 7 BIRDS HILL ROAD OXSHOTT LEATHERHEAD KT22 0NJ|KT220NJ,"RYTHE HEAD HOUSE, 7, BIRDS HILL ROAD, OXSHOTT, LEATHERHEAD, KT22 0NJ","RYTHE HEAD HOUSE, 7",,BIRDS HILL ROAD,OXSHOTT,LEATHERHEAD,KT22 0NJ,Elmbridge,Detached,crown-estate-oxshott,"Crown Estate, Oxshott",A,traditional_private_estate,pe:crown-estate-oxshott:birds-hill-road:whole,surrey-private-estates-2026-07-22-corrected-6,verified_multi_source,partial_ready,2020000,2002-07-26,elmbridge-prime,A
lr-88546660ad2f55320cb8,property:CASTANEA LAKE ROAD VIRGINIA WATER GU25 4QW|GU254QW,"CASTANEA, LAKE ROAD, VIRGINIA WATER, GU25 4QW",CASTANEA,,LAKE ROAD,,VIRGINIA WATER,GU25 4QW,Runnymede,Detached,wentworth-estate,Wentworth Estate,A,traditional_private_estate,pe:wentworth-estate:lake-road:whole,surrey-private-estates-2026-07-22-corrected-6,verified,partial_ready,3246000,2002-07-12,runnymede-wentworth,A
lr-84fa3cb07509fda548da,property:OTTERS LEAP 4 ADELAIDE ROAD WALTON ON THAMES KT12 1NA|KT121NA,"OTTERS LEAP, 4, ADELAIDE ROAD, WALTON-ON-THAMES, KT12 1NA","OTTERS LEAP, 4",,ADELAIDE ROAD,,WALTON-ON-THAMES,KT12 1NA,Elmbridge,Detached,,,,,,surrey-private-estates-2026-07-22-corrected-6,,,2000000,2002-07-05,elmbridge-prime,A
lr-8f796361ba29add047a3,property:SILVER BIRCHES WEST DRIVE VIRGINIA WATER GU25 4NE|GU254NE,"SILVER BIRCHES, WEST DRIVE, VIRGINIA WATER, GU25 4NE",SILVER BIRCHES,,WEST DRIVE,,VIRGINIA WATER,GU25 4NE,Runnymede,Detached,wentworth-estate,Wentworth Estate,A,traditional_private_estate,pe:wentworth-estate:west-drive:whole,surrey-private-estates-2026-07-22-corrected-6,verified,partial_ready,3650000,2002-07-03,runnymede-wentworth,A
lr-279c81fe118d6f09d881,property:BRACKEN LODGE WEST ROAD WEYBRIDGE KT13 0LY|KT130LY,"BRACKEN LODGE, WEST ROAD, WEYBRIDGE, KT13 0LY",BRACKEN LODGE,,WEST ROAD,,WEYBRIDGE,KT13 0LY,Elmbridge,Detached,st-georges-hill,St George's Hill,A,traditional_private_estate,pe:st-georges-hill:west-road:whole,surrey-private-estates-2026-07-22-corrected-6,verified,partial_ready,2400000,2002-07-01,elmbridge-prime,A
lr-8de4b5ab0bfcf20e805f,property:MOUNT HOUSE WAVERLEY DRIVE VIRGINIA WATER GU25 4PZ|GU254PZ,"MOUNT HOUSE, WAVERLEY DRIVE, VIRGINIA WATER, GU25 4PZ",MOUNT HOUSE,,WAVERLEY DRIVE,,VIRGINIA WATER,GU25 4PZ,Runnymede,Detached,wentworth-estate,Wentworth Estate,A,traditional_private_estate,pe:wentworth-estate:waverley-drive:whole,surrey-private-estates-2026-07-22-corrected-6,verified,partial_ready,8275000,2002-06-25,runnymede-wentworth,A
lr-61093710c38742000d70,property:LA SELVA PORTSMOUTH ROAD ESHER KT10 9JQ|KT109JQ,"LA SELVA, PORTSMOUTH ROAD, ESHER, KT10 9JQ",LA SELVA,,PORTSMOUTH ROAD,,ESHER,KT10 9JQ,Elmbridge,Detached,,,,,,surrey-private-estates-2026-07-22-corrected-6,,,2750000,2002-06-14,elmbridge-prime,A
lr-b0325f90c6f4808d5d18,property:DANA SOUTH ROAD ST GEORGES HILL WEYBRIDGE KT13 0NA|KT130NA,"DANA, SOUTH ROAD, ST GEORGES HILL, WEYBRIDGE, KT13 0NA",DANA,,SOUTH ROAD,ST GEORGES HILL,WEYBRIDGE,KT13 0NA,Elmbridge,Detached,st-georges-hill,St George's Hill,A,traditional_private_estate,pe:st-georges-hill:south-road:whole,surrey-private-estates-2026-07-22-corrected-6,verified,partial_ready,2450000,2002-06-14,elmbridge-prime,A
lr-84d78dabc0cd49b58920,property:LONG RIDGE WEST DRIVE VIRGINIA WATER GU25 4LY|GU254LY,"LONG RIDGE, WEST DRIVE, VIRGINIA WATER, GU25 4LY",LONG RIDGE,,WEST DRIVE,,VIRGINIA WATER,GU25 4LY,Runnymede,Detached,wentworth-estate,Wentworth Estate,A,traditional_private_estate,pe:wentworth-estate:west-drive:whole,surrey-private-estates-2026-07-22-corrected-6,verified,partial_ready,2450000,2002-06-13,runnymede-wentworth,A
lr-4c31f1fd8931736e12e1,property:SMUGGLERS RIDGE EYHURST CLOSE KINGSWOOD TADWORTH KT20 6NR|KT206NR,"SMUGGLERS RIDGE, EYHURST CLOSE, KINGSWOOD, TADWORTH, KT20 6NR",SMUGGLERS RIDGE,,EYHURST CLOSE,KINGSWOOD,TADWORTH,KT20 6NR,Reigate and Banstead,Detached,,,,,,surrey-private-estates-2026-07-22-corrected-6,,,2900000,2002-05-30,reigate-banstead,A
lr-e16abfbf2b9616a807b5,property:58 REIGATE ROAD REIGATE RH2 0RD|RH20RD,"58, REIGATE ROAD, REIGATE, RH2 0RD",58,,REIGATE ROAD,,REIGATE,RH2 0RD,Reigate and Banstead,Detached,,,,,,surrey-private-estates-2026-07-22-corrected-6,,,2075000,2002-05-30,reigate-banstead,A
lr-e8930f6c52d8b70af6a7,property:THE BEESNEST SHEPLEY DRIVE ASCOT SL5 0LH|SL50LH,"THE BEESNEST, SHEPLEY DRIVE, ASCOT, SL5 0LH",THE BEESNEST,,SHEPLEY DRIVE,,ASCOT,SL5 0LH,Runnymede,Detached,,,,,,surrey-private-estates-2026-07-22-corrected-6,,,4624072,2002-05-29,runnymede-wentworth,A
lr-65c7340d0e3cb590797f,property:DUNLUCE ACCOMMODATION ROAD LONGCROSS CHERTSEY KT16 0EQ|KT160EQ,"DUNLUCE, ACCOMMODATION ROAD, LONGCROSS, CHERTSEY, KT16 0EQ",DUNLUCE,,ACCOMMODATION ROAD,LONGCROSS,CHERTSEY,KT16 0EQ,Runnymede,Detached,,,,,,surrey-private-estates-2026-07-22-corrected-6,,,3300000,2002-05-27,runnymede-wentworth,A
lr-7083706d7c061ef1f268,property:HIGHLANDS SOUTH RIDGE WEYBRIDGE KT13 0NF|KT130NF,"HIGHLANDS, SOUTH RIDGE, WEYBRIDGE, KT13 0NF",HIGHLANDS,,SOUTH RIDGE,,WEYBRIDGE,KT13 0NF,Elmbridge,Detached,st-georges-hill,St George's Hill,A,traditional_private_estate,pe:st-georges-hill:south-ridge:whole,surrey-private-estates-2026-07-22-corrected-6,verified,partial_ready,2400000,2002-05-10,elmbridge-prime,A
lr-e7d9af0c58be51dfd071,property:16 BLACKHILLS ESHER KT10 9JW|KT109JW,"16, BLACKHILLS, ESHER, KT10 9JW",16,,BLACKHILLS,,ESHER,KT10 9JW,Elmbridge,Detached,,,,,,surrey-private-estates-2026-07-22-corrected-6,,,3100000,2002-05-03,elmbridge-prime,A
lr-c7cb270239d53843f268,property:FOLLY HILL MOON HALL ROAD EWHURST CRANLEIGH GU6 7NP|GU67NP,"FOLLY HILL, MOON HALL ROAD, EWHURST, CRANLEIGH, GU6 7NP",FOLLY HILL,,MOON HALL ROAD,EWHURST,CRANLEIGH,GU6 7NP,Waverley,Detached,,,,,,surrey-private-estates-2026-07-22-corrected-6,,,2000000,2002-05-03,waverley-south-surrey,A
lr-10c2d41b7b6c809e6abf,property:36 ABBOTS DRIVE VIRGINIA WATER GU25 4SF|GU254SF,"36, ABBOTS DRIVE, VIRGINIA WATER, GU25 4SF",36,,ABBOTS DRIVE,,VIRGINIA WATER,GU25 4SF,Runnymede,Detached,wentworth-estate,Wentworth Estate,A,traditional_private_estate,pe:wentworth-estate:abbots-drive:whole,surrey-private-estates-2026-07-22-corrected-6,verified,partial_ready,2000000,2002-05-03,runnymede-wentworth,A
lr-db60d2b50111d9d3ed67,property:SILVERWOOD 1 BYFLEET ROAD COBHAM KT11 1EE|KT111EE,"SILVERWOOD, 1, BYFLEET ROAD, COBHAM, KT11 1EE","SILVERWOOD, 1",,BYFLEET ROAD,,COBHAM,KT11 1EE,Elmbridge,Detached,,,,,,surrey-private-estates-2026-07-22-corrected-6,,,2350000,2002-05-02,elmbridge-prime,A
lr-6744722891a4689036a4,property:DIPPENHALL HOUSE DIPPENHALL FARNHAM GU10 5EB|GU105EB,"DIPPENHALL HOUSE, DIPPENHALL, FARNHAM, GU10 5EB",DIPPENHALL HOUSE,,,DIPPENHALL,FARNHAM,GU10 5EB,Waverley,Detached,,,,,,surrey-private-estates-2026-07-22-corrected-6,,,2153872,2002-05-02,waverley-south-surrey,A
lr-9336338a063443f31478,property:11 KINGS WARREN OXSHOTT LEATHERHEAD KT22 0PE|KT220PE,"11, KINGS WARREN, OXSHOTT, LEATHERHEAD, KT22 0PE",11,,KINGS WARREN,OXSHOTT,LEATHERHEAD,KT22 0PE,Elmbridge,Detached,crown-estate-oxshott,"Crown Estate, Oxshott",A,traditional_private_estate,pe:crown-estate-oxshott:kings-warren:whole,surrey-private-estates-2026-07-22-corrected-6,verified_multi_source,partial_ready,2900000,2002-04-30,elmbridge-prime,A
lr-9f93b0f0fa265c3fddb4,property:ST GEORGES HILL HOUSE HILL HOUSE DRIVE WEYBRIDGE KT13 0NQ|KT130NQ,"ST. GEORGES HILL HOUSE, HILL HOUSE DRIVE, WEYBRIDGE, KT13 0NQ",ST. GEORGES HILL HOUSE,,HILL HOUSE DRIVE,,WEYBRIDGE,KT13 0NQ,Elmbridge,Detached,st-georges-hill,St George's Hill,A,traditional_private_estate,pe:st-georges-hill:hill-house-drive:whole,surrey-private-estates-2026-07-22-corrected-6,verified,partial_ready,6060000,2002-04-12,elmbridge-prime,A
lr-6a3948e22a830785d6c9,property:GATESIDE HOUSE RAVENSCROFT ROAD WEYBRIDGE KT13 0NX|KT130NX,"GATESIDE HOUSE, RAVENSCROFT ROAD, WEYBRIDGE, KT13 0NX",GATESIDE HOUSE,,RAVENSCROFT ROAD,,WEYBRIDGE,KT13 0NX,Elmbridge,Detached,st-georges-hill,St George's Hill,A,traditional_private_estate,pe:st-georges-hill:ravenscroft-road:whole,surrey-private-estates-2026-07-22-corrected-6,verified,partial_ready,2000000,2002-04-04,elmbridge-prime,A
lr-c724bf494f423c668a7b,property:14 ABBOTS DRIVE VIRGINIA WATER GU25 4SE|GU254SE,"14, ABBOTS DRIVE, VIRGINIA WATER, GU25 4SE",14,,ABBOTS DRIVE,,VIRGINIA WATER,GU25 4SE,Runnymede,Detached,wentworth-estate,Wentworth Estate,A,traditional_private_estate,pe:wentworth-estate:abbots-drive:whole,surrey-private-estates-2026-07-22-corrected-6,verified,partial_ready,3125000,2002-03-28,runnymede-wentworth,A
lr-e6029105c7c3f86ab3c9,property:HERONS WOOD WESTWOOD ROAD WINDLESHAM GU20 6LP|GU206LP,"HERONS WOOD, WESTWOOD ROAD, WINDLESHAM, GU20 6LP",HERONS WOOD,,WESTWOOD ROAD,,WINDLESHAM,GU20 6LP,Surrey Heath,Detached,,,,,,surrey-private-estates-2026-07-22-corrected-6,,,3400000,2002-03-26,surrey-heath,A
lr-a20c7422ec4d49e866f8,property:WILLOW HOUSE 4 EATON PARK ROAD COBHAM KT11 2JH|KT112JH,"WILLOW HOUSE, 4, EATON PARK ROAD, COBHAM, KT11 2JH","WILLOW HOUSE, 4",,EATON PARK ROAD,,COBHAM,KT11 2JH,Elmbridge,Detached,eaton-park,Eaton Park,A,traditional_private_estate,pe:eaton-park:eaton-park-road:whole,surrey-private-estates-2026-07-22-corrected-6,verified,ready,2012500,2002-03-25,elmbridge-prime,A
lr-717afe261a6c42a12579,property:BROMPTON COURT 9 KINGS WARREN OXSHOTT LEATHERHEAD KT22 0PE|KT220PE,"BROMPTON COURT, 9, KINGS WARREN, OXSHOTT, LEATHERHEAD, KT22 0PE","BROMPTON COURT, 9",,KINGS WARREN,OXSHOTT,LEATHERHEAD,KT22 0PE,Elmbridge,Detached,crown-estate-oxshott,"Crown Estate, Oxshott",A,traditional_private_estate,pe:crown-estate-oxshott:kings-warren:whole,surrey-private-estates-2026-07-22-corrected-6,verified_multi_source,partial_ready,2465250,2002-03-21,elmbridge-prime,A
lr-e5d9e5fa17a879cc4723,property:CREST HOUSE EAST ROAD WEYBRIDGE KT13 0LF|KT130LF,"CREST HOUSE, EAST ROAD, WEYBRIDGE, KT13 0LF",CREST HOUSE,,EAST ROAD,,WEYBRIDGE,KT13 0LF,Elmbridge,Detached,st-georges-hill,St George's Hill,A,traditional_private_estate,pe:st-georges-hill:east-road:whole,surrey-private-estates-2026-07-22-corrected-6,verified,partial_ready,2278250,2002-03-15,elmbridge-prime,A
lr-ec3f417f464ada8c58b0,property:WESTBOURN PINEWOOD ROAD VIRGINIA WATER GU25 4PY|GU254PY,"WESTBOURN, PINEWOOD ROAD, VIRGINIA WATER, GU25 4PY",WESTBOURN,,PINEWOOD ROAD,,VIRGINIA WATER,GU25 4PY,Runnymede,Detached,wentworth-estate,Wentworth Estate,A,traditional_private_estate,pe:wentworth-estate:pinewood-road:whole,surrey-private-estates-2026-07-22-corrected-6,verified,partial_ready,3200000,2002-03-07,runnymede-wentworth,A
lr-1ee4b687df35b002bd7d,property:KINGS COPSE WAVERLEY DRIVE VIRGINIA WATER GU25 4PZ|GU254PZ,"KINGS COPSE, WAVERLEY DRIVE, VIRGINIA WATER, GU25 4PZ",KINGS COPSE,,WAVERLEY DRIVE,,VIRGINIA WATER,GU25 4PZ,Runnymede,Detached,wentworth-estate,Wentworth Estate,A,traditional_private_estate,pe:wentworth-estate:waverley-drive:whole,surrey-private-estates-2026-07-22-corrected-6,verified,partial_ready,2100000,2002-03-07,runnymede-wentworth,A
lr-f9202b90269f1fdec232,property:BALMORAL QUEENS DRIVE OXSHOTT LEATHERHEAD KT22 0PF|KT220PF,"BALMORAL, QUEENS DRIVE, OXSHOTT, LEATHERHEAD, KT22 0PF",BALMORAL,,QUEENS DRIVE,OXSHOTT,LEATHERHEAD,KT22 0PF,Elmbridge,Detached,crown-estate-oxshott,"Crown Estate, Oxshott",A,traditional_private_estate,pe:crown-estate-oxshott:queens-drive:whole,surrey-private-estates-2026-07-22-corrected-6,verified_multi_source,partial_ready,3028000,2002-03-05,elmbridge-prime,A
lr-710ea8ffb21c99f21b35,property:EAGLE LODGE WELLINGTON AVENUE VIRGINIA WATER GU25 4QN|GU254QN,"EAGLE LODGE, WELLINGTON AVENUE, VIRGINIA WATER, GU25 4QN",EAGLE LODGE,,WELLINGTON AVENUE,,VIRGINIA WATER,GU25 4QN,Runnymede,Detached,,,,,,surrey-private-estates-2026-07-22-corrected-6,,,2950000,2002-02-01,runnymede-wentworth,A
lr-d942b0325d3fdb263aca,property:KINGSWOOD EAST ROAD WEYBRIDGE KT13 0LD|KT130LD,"KINGSWOOD, EAST ROAD, WEYBRIDGE, KT13 0LD",KINGSWOOD,,EAST ROAD,,WEYBRIDGE,KT13 0LD,Elmbridge,Detached,st-georges-hill,St George's Hill,A,traditional_private_estate,pe:st-georges-hill:east-road:whole,surrey-private-estates-2026-07-22-corrected-6,verified,partial_ready,2100000,2001-12-18,elmbridge-prime,A
lr-fb52b5531dfd86a194c9,property:MAGNOLIA SHERBOURNE DRIVE ASCOT SL5 0LG|SL50LG,"MAGNOLIA, SHERBOURNE DRIVE, ASCOT, SL5 0LG",MAGNOLIA,,SHERBOURNE DRIVE,,ASCOT,SL5 0LG,Runnymede,Detached,,,,,,surrey-private-estates-2026-07-22-corrected-6,,,2250000,2001-12-17,runnymede-wentworth,A
lr-488d1af7c2923c6fcaf3,property:BONALY MANOR NEB LANE OXTED RH8 9JN|RH89JN,"BONALY MANOR, NEB LANE, OXTED, RH8 9JN",BONALY MANOR,,NEB LANE,,OXTED,RH8 9JN,Tandridge,Detached,,,,,,surrey-private-estates-2026-07-22-corrected-6,,,2000000,2001-12-11,tandridge-oxted,A
lr-790ba99e58dfa45d98d2,property:11 KINGS WARREN OXSHOTT LEATHERHEAD KT22 0PE|KT220PE,"11, KINGS WARREN, OXSHOTT, LEATHERHEAD, KT22 0PE",11,,KINGS WARREN,OXSHOTT,LEATHERHEAD,KT22 0PE,Elmbridge,Detached,crown-estate-oxshott,"Crown Estate, Oxshott",A,traditional_private_estate,pe:crown-estate-oxshott:kings-warren:whole,surrey-private-estates-2026-07-22-corrected-6,verified_multi_source,partial_ready,2340000,2001-11-30,elmbridge-prime,A
lr-62cd4f6c53257578ac16,property:SIDNEY COURT KNIGHTONS LANE DUNSFOLD GODALMING GU8 4NU|GU84NU,"SIDNEY COURT, KNIGHTONS LANE, DUNSFOLD, GODALMING, GU8 4NU",SIDNEY COURT,,KNIGHTONS LANE,DUNSFOLD,GODALMING,GU8 4NU,Waverley,Detached,,,,,,surrey-private-estates-2026-07-22-corrected-6,,,2040000,2001-11-30,waverley-south-surrey,A
lr-03e0bc07e839111a5b95,property:BIRCHWOOD GODOLPHIN ROAD WEYBRIDGE KT13 0PT|KT130PT,"BIRCHWOOD, GODOLPHIN ROAD, WEYBRIDGE, KT13 0PT",BIRCHWOOD,,GODOLPHIN ROAD,,WEYBRIDGE,KT13 0PT,Elmbridge,Detached,st-georges-hill,St George's Hill,A,traditional_private_estate,pe:st-georges-hill:godolphin-road:whole,surrey-private-estates-2026-07-22-corrected-6,verified,partial_ready,2000000,2001-11-30,elmbridge-prime,A
lr-b924c6a47d213ad5cdd0,property:WESTBROOK HOUSE WESTBROOK ROAD GODALMING GU7 2QH|GU72QH,"WESTBROOK HOUSE, WESTBROOK ROAD, GODALMING, GU7 2QH",WESTBROOK HOUSE,,WESTBROOK ROAD,,GODALMING,GU7 2QH,Waverley,Detached,,,,,,surrey-private-estates-2026-07-22-corrected-6,,,2700000,2001-11-23,waverley-south-surrey,A
lr-4d500608cb4a47b2f8d0,property:SPRINGHILL FARM FOXBURROW HILL ROAD BRAMLEY GUILDFORD GU5 0BU|GU50BU,"SPRINGHILL FARM, FOXBURROW HILL ROAD, BRAMLEY, GUILDFORD, GU5 0BU",SPRINGHILL FARM,,FOXBURROW HILL ROAD,BRAMLEY,GUILDFORD,GU5 0BU,Waverley,Detached,,,,,,surrey-private-estates-2026-07-22-corrected-6,,,2225000,2001-11-15,waverley-south-surrey,A
lr-c648ed43b82e9c8e4e31,property:GRANGEWOOD LONGCROSS ROAD LONGCROSS CHERTSEY KT16 0DP|KT160DP,"GRANGEWOOD, LONGCROSS ROAD, LONGCROSS, CHERTSEY, KT16 0DP",GRANGEWOOD,,LONGCROSS ROAD,LONGCROSS,CHERTSEY,KT16 0DP,Runnymede,Detached,,,,,,surrey-private-estates-2026-07-22-corrected-6,,,2000000,2001-11-07,runnymede-wentworth,A
lr-2f639bfe120a987df391,property:WINDY HEIGHTS CAMP END ROAD WEYBRIDGE KT13 0NR|KT130NR,"WINDY HEIGHTS, CAMP END ROAD, WEYBRIDGE, KT13 0NR",WINDY HEIGHTS,,CAMP END ROAD,,WEYBRIDGE,KT13 0NR,Elmbridge,Detached,st-georges-hill,St George's Hill,A,traditional_private_estate,pe:st-georges-hill:camp-end-road:whole,surrey-private-estates-2026-07-22-corrected-6,verified,partial_ready,2500000,2001-11-05,elmbridge-prime,A
lr-9f62c7932d517b3f8987,property:HAMILTON HOUSE OLD AVENUE ST GEORGES HILL WEYBRIDGE KT13 0QE|KT130QE,"HAMILTON HOUSE, OLD AVENUE, ST GEORGES HILL, WEYBRIDGE, KT13 0QE",HAMILTON HOUSE,,OLD AVENUE,ST GEORGES HILL,WEYBRIDGE,KT13 0QE,Elmbridge,Detached,,,,,,surrey-private-estates-2026-07-22-corrected-6,,,2375000,2001-10-10,elmbridge-prime,A
lr-a781a21bba882a4e440f,property:NIGHTINGALES ROWBARNS WAY EAST HORSLEY LEATHERHEAD KT24 5RJ|KT245RJ,"NIGHTINGALES, ROWBARNS WAY, EAST HORSLEY, LEATHERHEAD, KT24 5RJ",NIGHTINGALES,,ROWBARNS WAY,EAST HORSLEY,LEATHERHEAD,KT24 5RJ,Guildford,Detached,,,,,,surrey-private-estates-2026-07-22-corrected-6,,,2320000,2001-10-04,guildford-district,A
lr-d621005285a6f60b2d0c,property:19 BROOMFIELD RIDE OXSHOTT LEATHERHEAD KT22 0LP|KT220LP,"19, BROOMFIELD RIDE, OXSHOTT, LEATHERHEAD, KT22 0LP",19,,BROOMFIELD RIDE,OXSHOTT,LEATHERHEAD,KT22 0LP,Elmbridge,Detached,crown-estate-oxshott,"Crown Estate, Oxshott",A,traditional_private_estate,pe:crown-estate-oxshott:broomfield-ride:whole,surrey-private-estates-2026-07-22-corrected-6,verified_multi_source,partial_ready,2550000,2001-10-01,elmbridge-prime,A
lr-ab1ed094741688c67b38,property:PEMBRIDGE HOUSE PACHESHAM PARK LEATHERHEAD KT22 0DJ|KT220DJ,"PEMBRIDGE HOUSE, PACHESHAM PARK, LEATHERHEAD, KT22 0DJ",PEMBRIDGE HOUSE,,PACHESHAM PARK,,LEATHERHEAD,KT22 0DJ,Mole Valley,Detached,pachesham-park,Pachesham Park,A,traditional_private_estate,pe:pachesham-park:pachesham-park:whole,surrey-private-estates-2026-07-22-corrected-6,verified,ready,2250000,2001-09-27,mole-valley,A
lr-f97089bb9b5b6ff71510,property:QUEENS COURT QUEENS DRIVE OXSHOTT LEATHERHEAD KT22 0PB|KT220PB,"QUEENS COURT, QUEENS DRIVE, OXSHOTT, LEATHERHEAD, KT22 0PB",QUEENS COURT,,QUEENS DRIVE,OXSHOTT,LEATHERHEAD,KT22 0PB,Elmbridge,Detached,crown-estate-oxshott,"Crown Estate, Oxshott",A,traditional_private_estate,pe:crown-estate-oxshott:queens-drive:whole,surrey-private-estates-2026-07-22-corrected-6,verified_multi_source,partial_ready,3300000,2001-08-31,elmbridge-prime,A
lr-dfefed38e29fb4ebf1b3,property:WOODSOME CORNER EAST ROAD WEYBRIDGE KT13 0LD|KT130LD,"WOODSOME CORNER, EAST ROAD, WEYBRIDGE, KT13 0LD",WOODSOME CORNER,,EAST ROAD,,WEYBRIDGE,KT13 0LD,Elmbridge,Detached,st-georges-hill,St George's Hill,A,traditional_private_estate,pe:st-georges-hill:east-road:whole,surrey-private-estates-2026-07-22-corrected-6,verified,partial_ready,3250000,2001-08-21,elmbridge-prime,A
lr-2bc489be8af22cc22769,property:2 BROOMFIELD RIDE OXSHOTT LEATHERHEAD KT22 0LW|KT220LW,"2, BROOMFIELD RIDE, OXSHOTT, LEATHERHEAD, KT22 0LW",2,,BROOMFIELD RIDE,OXSHOTT,LEATHERHEAD,KT22 0LW,Elmbridge,Detached,crown-estate-oxshott,"Crown Estate, Oxshott",A,traditional_private_estate,pe:crown-estate-oxshott:broomfield-ride:whole,surrey-private-estates-2026-07-22-corrected-6,verified_multi_source,partial_ready,2200000,2001-08-10,elmbridge-prime,A
lr-c6760bf8db9daa5669c3,property:12 EATON PARK ROAD COBHAM KT11 2JH|KT112JH,"12, EATON PARK ROAD, COBHAM, KT11 2JH",12,,EATON PARK ROAD,,COBHAM,KT11 2JH,Elmbridge,Detached,eaton-park,Eaton Park,A,traditional_private_estate,pe:eaton-park:eaton-park-road:whole,surrey-private-estates-2026-07-22-corrected-6,verified,ready,2250000,2001-08-09,elmbridge-prime,A
lr-32e40fd7d1c1aa47776d,property:64A HIGH STREET STAINES UPON THAMES TW18 4DY|TW184DY,"64A, HIGH STREET, STAINES-UPON-THAMES, TW18 4DY",64A,,HIGH STREET,,STAINES-UPON-THAMES,TW18 4DY,Spelthorne,Detached,,,,,,surrey-private-estates-2026-07-22-corrected-6,,,2100000,2001-08-01,spelthorne,A
lr-af09ccf2af967ab8b1ae,property:10 KINGS WARREN OXSHOTT LEATHERHEAD KT22 0PE|KT220PE,"10, KINGS WARREN, OXSHOTT, LEATHERHEAD, KT22 0PE",10,,KINGS WARREN,OXSHOTT,LEATHERHEAD,KT22 0PE,Elmbridge,Detached,crown-estate-oxshott,"Crown Estate, Oxshott",A,traditional_private_estate,pe:crown-estate-oxshott:kings-warren:whole,surrey-private-estates-2026-07-22-corrected-6,verified_multi_source,partial_ready,2275000,2001-07-27,elmbridge-prime,A
lr-5e8ff08a4bbe97ca9f00,property:SINGLE OAK GOLF CLUB ROAD WEYBRIDGE KT13 0NJ|KT130NJ,"SINGLE OAK, GOLF CLUB ROAD, WEYBRIDGE, KT13 0NJ",SINGLE OAK,,GOLF CLUB ROAD,,WEYBRIDGE,KT13 0NJ,Elmbridge,Detached,st-georges-hill,St George's Hill,A,traditional_private_estate,pe:st-georges-hill:golf-club-road:whole,surrey-private-estates-2026-07-22-corrected-6,verified,partial_ready,2705000,2001-07-26,elmbridge-prime,A
lr-41ae4370d34f03b56927,property:LITTLEFIELD CAVENDISH ROAD WEYBRIDGE KT13 0JP|KT130JP,"LITTLEFIELD, CAVENDISH ROAD, WEYBRIDGE, KT13 0JP",LITTLEFIELD,,CAVENDISH ROAD,,WEYBRIDGE,KT13 0JP,Elmbridge,Detached,st-georges-hill,St George's Hill,A,traditional_private_estate,pe:st-georges-hill:cavendish-road:whole,surrey-private-estates-2026-07-22-corrected-6,verified,partial_ready,2200000,2001-07-23,elmbridge-prime,A
lr-48f17e833006a4892ffb,property:NORTH DRIVE LODGE NORTH DRIVE VIRGINIA WATER GU25 4NL|GU254NL,"NORTH DRIVE LODGE, NORTH DRIVE, VIRGINIA WATER, GU25 4NL",NORTH DRIVE LODGE,,NORTH DRIVE,,VIRGINIA WATER,GU25 4NL,Runnymede,Detached,wentworth-estate,Wentworth Estate,A,traditional_private_estate,pe:wentworth-estate:north-drive:whole,surrey-private-estates-2026-07-22-corrected-6,verified,partial_ready,3500000,2001-07-15,runnymede-wentworth,A
lr-beeab4540fa65f607988,property:HYDON WOOD HOUSE FEATHERCOMBE LANE HAMBLEDON GODALMING GU8 4DP|GU84DP,"HYDON WOOD HOUSE, FEATHERCOMBE LANE, HAMBLEDON, GODALMING, GU8 4DP",HYDON WOOD HOUSE,,FEATHERCOMBE LANE,HAMBLEDON,GODALMING,GU8 4DP,Waverley,Detached,,,,,,surrey-private-estates-2026-07-22-corrected-6,,,2500000,2001-07-05,waverley-south-surrey,A
lr-bec8620cf1261b7bff0e,property:8 KINGS WARREN OXSHOTT LEATHERHEAD KT22 0PE|KT220PE,"8, KINGS WARREN, OXSHOTT, LEATHERHEAD, KT22 0PE",8,,KINGS WARREN,OXSHOTT,LEATHERHEAD,KT22 0PE,Elmbridge,Detached,crown-estate-oxshott,"Crown Estate, Oxshott",A,traditional_private_estate,pe:crown-estate-oxshott:kings-warren:whole,surrey-private-estates-2026-07-22-corrected-6,verified_multi_source,partial_ready,2595000,2001-06-29,elmbridge-prime,A
lr-24bc463ca9348af8ecc1,property:ESTEREL EAST DRIVE VIRGINIA WATER GU25 4JT|GU254JT,"ESTEREL, EAST DRIVE, VIRGINIA WATER, GU25 4JT",ESTEREL,,EAST DRIVE,,VIRGINIA WATER,GU25 4JT,Runnymede,Detached,wentworth-estate,Wentworth Estate,A,traditional_private_estate,pe:wentworth-estate:east-drive:whole,surrey-private-estates-2026-07-22-corrected-6,verified,partial_ready,2100000,2001-06-29,runnymede-wentworth,A
lr-4c3830223f24006eac69,property:50 COPSEM LANE ESHER KT10 9HJ|KT109HJ,"50, COPSEM LANE, ESHER, KT10 9HJ",50,,COPSEM LANE,,ESHER,KT10 9HJ,Elmbridge,Detached,,,,,,surrey-private-estates-2026-07-22-corrected-6,,,2350000,2001-06-20,elmbridge-prime,A
lr-041b6444d2df847c9990,property:HALSEY HOUSE OCKHAM LANE COBHAM KT11 1LT|KT111LT,"HALSEY HOUSE, OCKHAM LANE, COBHAM, KT11 1LT",HALSEY HOUSE,,OCKHAM LANE,,COBHAM,KT11 1LT,Elmbridge,Detached,,,,,,surrey-private-estates-2026-07-22-corrected-6,,,2250000,2001-06-18,elmbridge-prime,A
lr-2b5609e004a69ff1d949,property:SHELLEYS COTTAGE WICK LANE ENGLEFIELD GREEN EGHAM TW20 0XE|TW200XE,"SHELLEYS COTTAGE, WICK LANE, ENGLEFIELD GREEN, EGHAM, TW20 0XE",SHELLEYS COTTAGE,,WICK LANE,ENGLEFIELD GREEN,EGHAM,TW20 0XE,Runnymede,Detached,,,,,,surrey-private-estates-2026-07-22-corrected-6,,,2150000,2001-06-08,runnymede-wentworth,A
lr-3e92a82a7c8e23af275b,property:RED EAVES WELLINGTON AVENUE VIRGINIA WATER GU25 4QN|GU254QN,"RED EAVES, WELLINGTON AVENUE, VIRGINIA WATER, GU25 4QN",RED EAVES,,WELLINGTON AVENUE,,VIRGINIA WATER,GU25 4QN,Runnymede,Detached,,,,,,surrey-private-estates-2026-07-22-corrected-6,,,2300000,2001-06-06,runnymede-wentworth,A
lr-d5bf5fc568fd18d5566c,property:HIGHCLERE HOUSE 11 WOLSEY ROAD EAST MOLESEY KT8 9EL|KT89EL,"HIGHCLERE HOUSE, 11, WOLSEY ROAD, EAST MOLESEY, KT8 9EL","HIGHCLERE HOUSE, 11",,WOLSEY ROAD,,EAST MOLESEY,KT8 9EL,Elmbridge,Detached,,,,,,surrey-private-estates-2026-07-22-corrected-6,,,2100000,2001-05-31,elmbridge-prime,A
lr-4c655ccc754a409e1cab,property:TUSCAN HOUSE EAST ROAD WEYBRIDGE KT13 0LF|KT130LF,"TUSCAN HOUSE, EAST ROAD, WEYBRIDGE, KT13 0LF",TUSCAN HOUSE,,EAST ROAD,,WEYBRIDGE,KT13 0LF,Elmbridge,Detached,st-georges-hill,St George's Hill,A,traditional_private_estate,pe:st-georges-hill:east-road:whole,surrey-private-estates-2026-07-22-corrected-6,verified,partial_ready,2000000,2001-05-14,elmbridge-prime,A
lr-365c6bfd25ac4898f91b,property:7 THE GARDENS ESHER KT10 8QF|KT108QF,"7, THE GARDENS, ESHER, KT10 8QF",7,,THE GARDENS,,ESHER,KT10 8QF,Elmbridge,Detached,,,,,,surrey-private-estates-2026-07-22-corrected-6,,,2000000,2001-04-30,elmbridge-prime,A
lr-adb0abb84cfa4bc618a6,property:LYNNCROFT HOUSE 14 BIRDS HILL ROAD OXSHOTT LEATHERHEAD KT22 0NJ|KT220NJ,"LYNNCROFT HOUSE, 14, BIRDS HILL ROAD, OXSHOTT, LEATHERHEAD, KT22 0NJ","LYNNCROFT HOUSE, 14",,BIRDS HILL ROAD,OXSHOTT,LEATHERHEAD,KT22 0NJ,Elmbridge,Detached,crown-estate-oxshott,"Crown Estate, Oxshott",A,traditional_private_estate,pe:crown-estate-oxshott:birds-hill-road:whole,surrey-private-estates-2026-07-22-corrected-6,verified_multi_source,partial_ready,2815000,2001-04-20,elmbridge-prime,A
lr-821d9a33e624115eae66,property:COUCHMORE HOUSE LITTLEWORTH ROAD ESHER KT10 9TN|KT109TN,"COUCHMORE HOUSE, LITTLEWORTH ROAD, ESHER, KT10 9TN",COUCHMORE HOUSE,,LITTLEWORTH ROAD,,ESHER,KT10 9TN,Elmbridge,Detached,,,,,,surrey-private-estates-2026-07-22-corrected-6,,,2050000,2001-04-20,elmbridge-prime,A
lr-f6905f78f867fe3142e1,property:BACHELORS FARM LONG REACH OCKHAM WOKING GU23 6PG|GU236PG,"BACHELORS FARM, LONG REACH, OCKHAM, WOKING, GU23 6PG",BACHELORS FARM,,LONG REACH,OCKHAM,WOKING,GU23 6PG,Guildford,Detached,,,,,,surrey-private-estates-2026-07-22-corrected-6,,,3050000,2001-02-28,guildford-district,A
lr-42c25788f498225cca85,property:6 KINGS WARREN OXSHOTT LEATHERHEAD KT22 0PE|KT220PE,"6, KINGS WARREN, OXSHOTT, LEATHERHEAD, KT22 0PE",6,,KINGS WARREN,OXSHOTT,LEATHERHEAD,KT22 0PE,Elmbridge,Detached,crown-estate-oxshott,"Crown Estate, Oxshott",A,traditional_private_estate,pe:crown-estate-oxshott:kings-warren:whole,surrey-private-estates-2026-07-22-corrected-6,verified_multi_source,partial_ready,2197900,2001-02-27,elmbridge-prime,A
lr-cd012e5adf86228a0497,property:ELLESMERE HILL HOUSE DRIVE WEYBRIDGE KT13 0NQ|KT130NQ,"ELLESMERE, HILL HOUSE DRIVE, WEYBRIDGE, KT13 0NQ",ELLESMERE,,HILL HOUSE DRIVE,,WEYBRIDGE,KT13 0NQ,Elmbridge,Detached,st-georges-hill,St George's Hill,A,traditional_private_estate,pe:st-georges-hill:hill-house-drive:whole,surrey-private-estates-2026-07-22-corrected-6,verified,partial_ready,3885000,2001-01-12,elmbridge-prime,A
lr-02e515220879437891fc,property:HIGHLANDS SOUTH RIDGE WEYBRIDGE KT13 0NF|KT130NF,"HIGHLANDS, SOUTH RIDGE, WEYBRIDGE, KT13 0NF",HIGHLANDS,,SOUTH RIDGE,,WEYBRIDGE,KT13 0NF,Elmbridge,Detached,st-georges-hill,St George's Hill,A,traditional_private_estate,pe:st-georges-hill:south-ridge:whole,surrey-private-estates-2026-07-22-corrected-6,verified,partial_ready,2950000,2000-11-24,elmbridge-prime,A
lr-b22836009140be3de994,property:WASHINGTON OLD AVENUE WEYBRIDGE KT13 0QB|KT130QB,"WASHINGTON, OLD AVENUE, WEYBRIDGE, KT13 0QB",WASHINGTON,,OLD AVENUE,,WEYBRIDGE,KT13 0QB,Elmbridge,Detached,,,,,,surrey-private-estates-2026-07-22-corrected-6,,,2350000,2000-11-17,elmbridge-prime,A
lr-8a33e09314a0f82fbe34,property:BIRCHES OVER WOOD LANE WEYBRIDGE KT13 0JU|KT130JU,"BIRCHES OVER, WOOD LANE, WEYBRIDGE, KT13 0JU",BIRCHES OVER,,WOOD LANE,,WEYBRIDGE,KT13 0JU,Elmbridge,Detached,st-georges-hill,St George's Hill,A,traditional_private_estate,pe:st-georges-hill:wood-lane:whole,surrey-private-estates-2026-07-22-corrected-6,verified,partial_ready,4150000,2000-10-31,elmbridge-prime,A
lr-103ba0c74b4ff1cc7aa8,property:3 BIRDS HILL DRIVE OXSHOTT LEATHERHEAD KT22 0SP|KT220SP,"3, BIRDS HILL DRIVE, OXSHOTT, LEATHERHEAD, KT22 0SP",3,,BIRDS HILL DRIVE,OXSHOTT,LEATHERHEAD,KT22 0SP,Elmbridge,Detached,crown-estate-oxshott,"Crown Estate, Oxshott",A,traditional_private_estate,pe:crown-estate-oxshott:birds-hill-drive:whole,surrey-private-estates-2026-07-22-corrected-6,verified_multi_source,partial_ready,2630000,2000-10-25,elmbridge-prime,A
lr-834cf72750e875c5b673,property:DORCHESTER HOUSE PORTNALL RISE VIRGINIA WATER GU25 4JZ|GU254JZ,"DORCHESTER HOUSE, PORTNALL RISE, VIRGINIA WATER, GU25 4JZ",DORCHESTER HOUSE,,PORTNALL RISE,,VIRGINIA WATER,GU25 4JZ,Runnymede,Detached,wentworth-estate,Wentworth Estate,A,traditional_private_estate,pe:wentworth-estate:portnall-rise:whole,surrey-private-estates-2026-07-22-corrected-6,verified,partial_ready,3000000,2000-10-16,runnymede-wentworth,A
lr-6f72a51989b3e2ef0273,property:LITTLE HATCH 12 ABBOTS DRIVE VIRGINIA WATER GU25 4SE|GU254SE,"LITTLE HATCH, 12, ABBOTS DRIVE, VIRGINIA WATER, GU25 4SE","LITTLE HATCH, 12",,ABBOTS DRIVE,,VIRGINIA WATER,GU25 4SE,Runnymede,Detached,wentworth-estate,Wentworth Estate,A,traditional_private_estate,pe:wentworth-estate:abbots-drive:whole,surrey-private-estates-2026-07-22-corrected-6,verified,partial_ready,2200000,2000-10-12,runnymede-wentworth,A
lr-b4437b753a0255a75c24,property:YORK HOUSE 12 BLACKHILLS ESHER KT10 9JW|KT109JW,"YORK HOUSE, 12, BLACKHILLS, ESHER, KT10 9JW","YORK HOUSE, 12",,BLACKHILLS,,ESHER,KT10 9JW,Elmbridge,Detached,,,,,,surrey-private-estates-2026-07-22-corrected-6,,,2800000,2000-10-09,elmbridge-prime,A
lr-115b8c5f576eb447945f,property:ORMIDALE EAST ROAD WEYBRIDGE KT13 0LF|KT130LF,"ORMIDALE, EAST ROAD, WEYBRIDGE, KT13 0LF",ORMIDALE,,EAST ROAD,,WEYBRIDGE,KT13 0LF,Elmbridge,Detached,st-georges-hill,St George's Hill,A,traditional_private_estate,pe:st-georges-hill:east-road:whole,surrey-private-estates-2026-07-22-corrected-6,verified,partial_ready,2000000,2000-09-29,elmbridge-prime,A
lr-9d25f17a2aee04c4ab22,property:HAZEL HALL POND LANE PEASLAKE GUILDFORD GU5 9RS|GU59RS,"HAZEL HALL, POND LANE, PEASLAKE, GUILDFORD, GU5 9RS",HAZEL HALL,,POND LANE,PEASLAKE,GUILDFORD,GU5 9RS,Guildford,Semi Detached,,,,,,surrey-private-estates-2026-07-22-corrected-6,,,4450000,2000-09-12,guildford-district,A
lr-8db94998db61ea7d8c3e,property:SILVERWOOD 1 BYFLEET ROAD COBHAM KT11 1EE|KT111EE,"SILVERWOOD, 1, BYFLEET ROAD, COBHAM, KT11 1EE","SILVERWOOD, 1",,BYFLEET ROAD,,COBHAM,KT11 1EE,Elmbridge,Detached,,,,,,surrey-private-estates-2026-07-22-corrected-6,,,2750000,2000-09-12,elmbridge-prime,A
lr-c27a71a31068bc21f016,property:WILDCROFT BOURNESIDE VIRGINIA WATER GU25 4LZ|GU254LZ,"WILDCROFT, BOURNESIDE, VIRGINIA WATER, GU25 4LZ",WILDCROFT,,BOURNESIDE,,VIRGINIA WATER,GU25 4LZ,Runnymede,Detached,wentworth-estate,Wentworth Estate,A,traditional_private_estate,pe:wentworth-estate:bourneside:whole,surrey-private-estates-2026-07-22-corrected-6,verified,partial_ready,2299000,2000-09-08,runnymede-wentworth,A
lr-ccc19278c03198ecfa31,property:QUEENSGATE HOUSE PORTNALL RISE VIRGINIA WATER GU25 4JZ|GU254JZ,"QUEENSGATE HOUSE, PORTNALL RISE, VIRGINIA WATER, GU25 4JZ",QUEENSGATE HOUSE,,PORTNALL RISE,,VIRGINIA WATER,GU25 4JZ,Runnymede,Detached,wentworth-estate,Wentworth Estate,A,traditional_private_estate,pe:wentworth-estate:portnall-rise:whole,surrey-private-estates-2026-07-22-corrected-6,verified,partial_ready,2150000,2000-08-31,runnymede-wentworth,A
lr-f80753910ece1bad24de,property:FAIRWAY HOUSE SOUTH ROAD ST GEORGES HILL WEYBRIDGE KT13 0NA|KT130NA,"FAIRWAY HOUSE, SOUTH ROAD, ST GEORGES HILL, WEYBRIDGE, KT13 0NA",FAIRWAY HOUSE,,SOUTH ROAD,ST GEORGES HILL,WEYBRIDGE,KT13 0NA,Elmbridge,Detached,st-georges-hill,St George's Hill,A,traditional_private_estate,pe:st-georges-hill:south-road:whole,surrey-private-estates-2026-07-22-corrected-6,verified,partial_ready,2950000,2000-08-30,elmbridge-prime,A
lr-60fa9f1899f0daaaf271,property:ATLANTIS OLD AVENUE WEYBRIDGE KT13 0PX|KT130PX,"ATLANTIS, OLD AVENUE, WEYBRIDGE, KT13 0PX",ATLANTIS,,OLD AVENUE,,WEYBRIDGE,KT13 0PX,Elmbridge,Detached,,,,,,surrey-private-estates-2026-07-22-corrected-6,,,2875000,2000-07-28,elmbridge-prime,A
lr-d8be5c97ba0b29d55eb6,property:TOWER CROSS EAST ROAD WEYBRIDGE KT13 0LG|KT130LG,"TOWER CROSS, EAST ROAD, WEYBRIDGE, KT13 0LG",TOWER CROSS,,EAST ROAD,,WEYBRIDGE,KT13 0LG,Elmbridge,Detached,st-georges-hill,St George's Hill,A,traditional_private_estate,pe:st-georges-hill:east-road:whole,surrey-private-estates-2026-07-22-corrected-6,verified,partial_ready,2500000,2000-07-25,elmbridge-prime,A
lr-ba2598c74dad9e161c28,property:AMBERLEY HOUSE YAFFLE ROAD WEYBRIDGE KT13 0QF|KT130QF,"AMBERLEY HOUSE, YAFFLE ROAD, WEYBRIDGE, KT13 0QF",AMBERLEY HOUSE,,YAFFLE ROAD,,WEYBRIDGE,KT13 0QF,Elmbridge,Detached,st-georges-hill,St George's Hill,A,traditional_private_estate,pe:st-georges-hill:yaffle-road:whole,surrey-private-estates-2026-07-22-corrected-6,verified,partial_ready,2250000,2000-07-24,elmbridge-prime,A
lr-7878c2242bc9f0f1c1f1,property:BADGERS WOOD RODONA ROAD WEYBRIDGE KT13 0NP|KT130NP,"BADGERS WOOD, RODONA ROAD, WEYBRIDGE, KT13 0NP",BADGERS WOOD,,RODONA ROAD,,WEYBRIDGE,KT13 0NP,Elmbridge,Detached,st-georges-hill,St George's Hill,A,traditional_private_estate,pe:st-georges-hill:rodona-road:whole,surrey-private-estates-2026-07-22-corrected-6,verified,partial_ready,2500000,2000-07-12,elmbridge-prime,A
lr-a67d2eef4715954810f6,property:CHILTON HOUSE RAVENSCROFT ROAD WEYBRIDGE KT13 0NX|KT130NX,"CHILTON HOUSE, RAVENSCROFT ROAD, WEYBRIDGE, KT13 0NX",CHILTON HOUSE,,RAVENSCROFT ROAD,,WEYBRIDGE,KT13 0NX,Elmbridge,Detached,st-georges-hill,St George's Hill,A,traditional_private_estate,pe:st-georges-hill:ravenscroft-road:whole,surrey-private-estates-2026-07-22-corrected-6,verified,partial_ready,3125000,2000-07-10,elmbridge-prime,A
lr-b2d0ff069aff892d4b8d,property:SQUIRRELS WOOD NORTH DRIVE VIRGINIA WATER GU25 4NQ|GU254NQ,"SQUIRRELS WOOD, NORTH DRIVE, VIRGINIA WATER, GU25 4NQ",SQUIRRELS WOOD,,NORTH DRIVE,,VIRGINIA WATER,GU25 4NQ,Runnymede,Detached,wentworth-estate,Wentworth Estate,A,traditional_private_estate,pe:wentworth-estate:north-drive:whole,surrey-private-estates-2026-07-22-corrected-6,verified,partial_ready,3025000,2000-07-04,runnymede-wentworth,A
lr-db2c1d55fc77438ffee3,property:2 CHERRY TREE PICKHURST ROAD CHIDDINGFOLD GODALMING GU8 4TG|GU84TG,"2, CHERRY TREE, PICKHURST ROAD, CHIDDINGFOLD, GODALMING, GU8 4TG",CHERRY TREE,2,PICKHURST ROAD,CHIDDINGFOLD,GODALMING,GU8 4TG,Waverley,Detached,,,,,,surrey-private-estates-2026-07-22-corrected-6,,,3100000,2000-06-29,waverley-south-surrey,A
lr-7dc4d0acbdcc7af59133,property:SHANDON CAVENDISH ROAD WEYBRIDGE KT13 0JY|KT130JY,"SHANDON, CAVENDISH ROAD, WEYBRIDGE, KT13 0JY",SHANDON,,CAVENDISH ROAD,,WEYBRIDGE,KT13 0JY,Elmbridge,Detached,st-georges-hill,St George's Hill,A,traditional_private_estate,pe:st-georges-hill:cavendish-road:whole,surrey-private-estates-2026-07-22-corrected-6,verified,partial_ready,2055000,2000-06-16,elmbridge-prime,A
lr-d37a1470cc88741e82ed,property:GREYSTONES 14 BIRDS HILL DRIVE OXSHOTT LEATHERHEAD KT22 0SP|KT220SP,"GREYSTONES, 14, BIRDS HILL DRIVE, OXSHOTT, LEATHERHEAD, KT22 0SP","GREYSTONES, 14",,BIRDS HILL DRIVE,OXSHOTT,LEATHERHEAD,KT22 0SP,Elmbridge,Detached,crown-estate-oxshott,"Crown Estate, Oxshott",A,traditional_private_estate,pe:crown-estate-oxshott:birds-hill-drive:whole,surrey-private-estates-2026-07-22-corrected-6,verified_multi_source,partial_ready,2500000,2000-03-13,elmbridge-prime,A
lr-397479bd13afe19a85a6,property:CAMP END COTTAGE TOR LANE WEYBRIDGE KT13 0NS|KT130NS,"CAMP END COTTAGE, TOR LANE, WEYBRIDGE, KT13 0NS",CAMP END COTTAGE,,TOR LANE,,WEYBRIDGE,KT13 0NS,Elmbridge,Detached,st-georges-hill,St George's Hill,A,traditional_private_estate,pe:st-georges-hill:tor-lane:whole,surrey-private-estates-2026-07-22-corrected-6,verified,partial_ready,2100000,2000-02-18,elmbridge-prime,A
lr-634b1d3f9d7159307e50,property:RODSALL MANOR RODSALL LANE PUTTENHAM GUILDFORD GU3 1BE|GU31BE,"RODSALL MANOR, RODSALL LANE, PUTTENHAM, GUILDFORD, GU3 1BE",RODSALL MANOR,,RODSALL LANE,PUTTENHAM,GUILDFORD,GU3 1BE,Guildford,Detached,,,,,,surrey-private-estates-2026-07-22-corrected-6,,,2170000,2000-02-10,guildford-district,A
lr-91eb6f31810799c39751,property:THANKERTON LODGE LONDON ROAD WINDLESHAM GU20 6LQ|GU206LQ,"THANKERTON LODGE, LONDON ROAD, WINDLESHAM, GU20 6LQ",THANKERTON LODGE,,LONDON ROAD,,WINDLESHAM,GU20 6LQ,Surrey Heath,Detached,,,,,,surrey-private-estates-2026-07-22-corrected-6,,,3600000,1999-12-21,surrey-heath,A
lr-eb1adc4cc6fed41ac15b,property:HEATHERBROOK PORTNALL RISE VIRGINIA WATER GU25 4JZ|GU254JZ,"HEATHERBROOK, PORTNALL RISE, VIRGINIA WATER, GU25 4JZ",HEATHERBROOK,,PORTNALL RISE,,VIRGINIA WATER,GU25 4JZ,Runnymede,Detached,wentworth-estate,Wentworth Estate,A,traditional_private_estate,pe:wentworth-estate:portnall-rise:whole,surrey-private-estates-2026-07-22-corrected-6,verified,partial_ready,2235000,1999-11-12,runnymede-wentworth,A
lr-9f00647882db3cc3139d,property:DEVILLE COURT 2 HEATH ROAD WEYBRIDGE KT13 8TB|KT138TB,"DEVILLE COURT, 2, HEATH ROAD, WEYBRIDGE, KT13 8TB","DEVILLE COURT, 2",,HEATH ROAD,,WEYBRIDGE,KT13 8TB,Elmbridge,Detached,,,,,,surrey-private-estates-2026-07-22-corrected-6,,,4226505,1999-10-22,elmbridge-prime,A
lr-7e36408737013e6f44dc,property:HIGHFIELD PHILPOT LANE CHOBHAM WOKING GU24 8HE|GU248HE,"HIGHFIELD, PHILPOT LANE, CHOBHAM, WOKING, GU24 8HE",HIGHFIELD,,PHILPOT LANE,CHOBHAM,WOKING,GU24 8HE,Surrey Heath,Detached,,,,,,surrey-private-estates-2026-07-22-corrected-6,,,2166606,1999-10-21,surrey-heath,A
lr-11b0339e053a5919a3b6,property:AMBERWOOD COURT WARRENERS LANE WEYBRIDGE KT13 0LQ|KT130LQ,"AMBERWOOD COURT, WARRENERS LANE, WEYBRIDGE, KT13 0LQ",AMBERWOOD COURT,,WARRENERS LANE,,WEYBRIDGE,KT13 0LQ,Elmbridge,Detached,st-georges-hill,St George's Hill,A,traditional_private_estate,pe:st-georges-hill:warreners-lane:whole,surrey-private-estates-2026-07-22-corrected-6,verified,partial_ready,2150000,1999-10-20,elmbridge-prime,A
lr-ff847cd85c55321b12f2,property:HUSH WILLOWS WENTWORTH DRIVE VIRGINIA WATER GU25 4NY|GU254NY,"HUSH WILLOWS, WENTWORTH DRIVE, VIRGINIA WATER, GU25 4NY",HUSH WILLOWS,,WENTWORTH DRIVE,,VIRGINIA WATER,GU25 4NY,Runnymede,Detached,wentworth-estate,Wentworth Estate,A,traditional_private_estate,pe:wentworth-estate:wentworth-drive:whole,surrey-private-estates-2026-07-22-corrected-6,verified,partial_ready,3400000,1999-09-29,runnymede-wentworth,A
lr-5f32f0a1ee32c1dfc3bd,property:12 LITTLEWORTH COMMON ROAD ESHER KT10 9UE|KT109UE,"12, LITTLEWORTH COMMON ROAD, ESHER, KT10 9UE",12,,LITTLEWORTH COMMON ROAD,,ESHER,KT10 9UE,Elmbridge,Detached,,,,,,surrey-private-estates-2026-07-22-corrected-6,,,2550000,1999-09-14,elmbridge-prime,A
lr-3cea4b24945d19bf531a,property:WHITECLIFF CAMP END ROAD WEYBRIDGE KT13 0NR|KT130NR,"WHITECLIFF, CAMP END ROAD, WEYBRIDGE, KT13 0NR",WHITECLIFF,,CAMP END ROAD,,WEYBRIDGE,KT13 0NR,Elmbridge,Detached,st-georges-hill,St George's Hill,A,traditional_private_estate,pe:st-georges-hill:camp-end-road:whole,surrey-private-estates-2026-07-22-corrected-6,verified,partial_ready,2100000,1999-09-09,elmbridge-prime,A
lr-5433218b6d9b07df224a,property:HERON COURT EAST ROAD WEYBRIDGE KT13 0LF|KT130LF,"HERON COURT, EAST ROAD, WEYBRIDGE, KT13 0LF",HERON COURT,,EAST ROAD,,WEYBRIDGE,KT13 0LF,Elmbridge,Detached,st-georges-hill,St George's Hill,A,traditional_private_estate,pe:st-georges-hill:east-road:whole,surrey-private-estates-2026-07-22-corrected-6,verified,partial_ready,2125000,1999-08-31,elmbridge-prime,A
lr-bffd4107599ff8ffa7d6,property:PENTLANDS CAMP END ROAD WEYBRIDGE KT13 0NR|KT130NR,"PENTLANDS, CAMP END ROAD, WEYBRIDGE, KT13 0NR",PENTLANDS,,CAMP END ROAD,,WEYBRIDGE,KT13 0NR,Elmbridge,Detached,st-georges-hill,St George's Hill,A,traditional_private_estate,pe:st-georges-hill:camp-end-road:whole,surrey-private-estates-2026-07-22-corrected-6,verified,partial_ready,3000000,1999-08-27,elmbridge-prime,A
lr-e2e5d12fe04a63d7f0c3,property:HOLMDALE COTTAGE HOLMBURY ST MARY DORKING RH5 6NR|RH56NR,"HOLMDALE COTTAGE, HOLMBURY ST MARY, DORKING, RH5 6NR",HOLMDALE COTTAGE,,,HOLMBURY ST MARY,DORKING,RH5 6NR,Guildford,Detached,,,,,,surrey-private-estates-2026-07-22-corrected-6,,,3799500,1999-07-19,guildford-district,A
lr-3cecb16929f31f67a2fb,property:MYSTRAS CAVENDISH ROAD WEYBRIDGE KT13 0JT|KT130JT,"MYSTRAS, CAVENDISH ROAD, WEYBRIDGE, KT13 0JT",MYSTRAS,,CAVENDISH ROAD,,WEYBRIDGE,KT13 0JT,Elmbridge,Detached,st-georges-hill,St George's Hill,A,traditional_private_estate,pe:st-georges-hill:cavendish-road:whole,surrey-private-estates-2026-07-22-corrected-6,verified,partial_ready,2300000,1999-05-06,elmbridge-prime,A
lr-6c3e6458ec228816841d,property:ROCKWOOD OLD AVENUE WEYBRIDGE KT13 0QA|KT130QA,"ROCKWOOD, OLD AVENUE, WEYBRIDGE, KT13 0QA",ROCKWOOD,,OLD AVENUE,,WEYBRIDGE,KT13 0QA,Elmbridge,Detached,,,,,,surrey-private-estates-2026-07-22-corrected-6,,,3350000,1999-04-22,elmbridge-prime,A
lr-65bd901b97b052c68ff5,property:LAKE HOUSE GOLF CLUB ROAD WEYBRIDGE KT13 0NJ|KT130NJ,"LAKE HOUSE, GOLF CLUB ROAD, WEYBRIDGE, KT13 0NJ",LAKE HOUSE,,GOLF CLUB ROAD,,WEYBRIDGE,KT13 0NJ,Elmbridge,Detached,st-georges-hill,St George's Hill,A,traditional_private_estate,pe:st-georges-hill:golf-club-road:whole,surrey-private-estates-2026-07-22-corrected-6,verified,partial_ready,2000000,1999-04-22,elmbridge-prime,A
lr-f573c127a9bf26f50163,property:PINECROFT GOLF CLUB ROAD WEYBRIDGE KT13 0NN|KT130NN,"PINECROFT, GOLF CLUB ROAD, WEYBRIDGE, KT13 0NN",PINECROFT,,GOLF CLUB ROAD,,WEYBRIDGE,KT13 0NN,Elmbridge,Detached,st-georges-hill,St George's Hill,A,traditional_private_estate,pe:st-georges-hill:golf-club-road:whole,surrey-private-estates-2026-07-22-corrected-6,verified,partial_ready,2574000,1999-04-09,elmbridge-prime,A
lr-cc4a5e931ba2d2488854,property:WENTWORTH COURT RIDGEMEAD ROAD ENGLEFIELD GREEN EGHAM TW20 0YD|TW200YD,"WENTWORTH COURT, RIDGEMEAD ROAD, ENGLEFIELD GREEN, EGHAM, TW20 0YD",WENTWORTH COURT,,RIDGEMEAD ROAD,ENGLEFIELD GREEN,EGHAM,TW20 0YD,Runnymede,Detached,,,,,,surrey-private-estates-2026-07-22-corrected-6,,,2000000,1999-03-26,runnymede-wentworth,A
lr-2e829f33809a563c6578,property:RANWORTH QUEENS DRIVE OXSHOTT LEATHERHEAD KT22 0PF|KT220PF,"RANWORTH, QUEENS DRIVE, OXSHOTT, LEATHERHEAD, KT22 0PF",RANWORTH,,QUEENS DRIVE,OXSHOTT,LEATHERHEAD,KT22 0PF,Elmbridge,Detached,crown-estate-oxshott,"Crown Estate, Oxshott",A,traditional_private_estate,pe:crown-estate-oxshott:queens-drive:whole,surrey-private-estates-2026-07-22-corrected-6,verified_multi_source,partial_ready,2800000,1999-03-02,elmbridge-prime,A
lr-76f30c6d2bf49ecb7c88,property:HOUND HOUSE HOUND HOUSE ROAD SHERE GUILDFORD GU5 9JH|GU59JH,"HOUND HOUSE, HOUND HOUSE ROAD, SHERE, GUILDFORD, GU5 9JH",HOUND HOUSE,,HOUND HOUSE ROAD,SHERE,GUILDFORD,GU5 9JH,Guildford,Detached,,,,,,surrey-private-estates-2026-07-22-corrected-6,,,2150000,1998-12-11,guildford-district,A
lr-a535d374cd1d1e57c917,property:VILLA VINDRAVAN RODONA ROAD WEYBRIDGE KT13 0NP|KT130NP,"VILLA VINDRAVAN, RODONA ROAD, WEYBRIDGE, KT13 0NP",VILLA VINDRAVAN,,RODONA ROAD,,WEYBRIDGE,KT13 0NP,Elmbridge,Detached,st-georges-hill,St George's Hill,A,traditional_private_estate,pe:st-georges-hill:rodona-road:whole,surrey-private-estates-2026-07-22-corrected-6,verified,partial_ready,2350000,1998-11-16,elmbridge-prime,A
lr-ac41e1503c0bb7259bf2,property:HEATHERBROOK PORTNALL RISE VIRGINIA WATER GU25 4JZ|GU254JZ,"HEATHERBROOK, PORTNALL RISE, VIRGINIA WATER, GU25 4JZ",HEATHERBROOK,,PORTNALL RISE,,VIRGINIA WATER,GU25 4JZ,Runnymede,Detached,wentworth-estate,Wentworth Estate,A,traditional_private_estate,pe:wentworth-estate:portnall-rise:whole,surrey-private-estates-2026-07-22-corrected-6,verified,partial_ready,2100000,1998-10-01,runnymede-wentworth,A
lr-1e3d76d46865116dccd7,property:WEST LODGE WEST DRIVE ASCOT SL5 0LF|SL50LF,"WEST LODGE, WEST DRIVE, ASCOT, SL5 0LF",WEST LODGE,,WEST DRIVE,,ASCOT,SL5 0LF,Runnymede,Detached,,,,,,surrey-private-estates-2026-07-22-corrected-6,,,2000000,1998-09-30,runnymede-wentworth,A
lr-d3aaaa4991e34b136b6a,property:HERONS WOOD WESTWOOD ROAD WINDLESHAM GU20 6LP|GU206LP,"HERONS WOOD, WESTWOOD ROAD, WINDLESHAM, GU20 6LP",HERONS WOOD,,WESTWOOD ROAD,,WINDLESHAM,GU20 6LP,Surrey Heath,Detached,,,,,,surrey-private-estates-2026-07-22-corrected-6,,,2000000,1998-09-24,surrey-heath,A
lr-042bce58b3a3589d320a,property:RADLEIGH HOUSE RAVENSCROFT ROAD WEYBRIDGE KT13 0NX|KT130NX,"RADLEIGH HOUSE, RAVENSCROFT ROAD, WEYBRIDGE, KT13 0NX",RADLEIGH HOUSE,,RAVENSCROFT ROAD,,WEYBRIDGE,KT13 0NX,Elmbridge,Detached,st-georges-hill,St George's Hill,A,traditional_private_estate,pe:st-georges-hill:ravenscroft-road:whole,surrey-private-estates-2026-07-22-corrected-6,verified,partial_ready,2600000,1998-05-01,elmbridge-prime,A
lr-28bc04cd9323770cd25d,property:19 EATON PARK COBHAM KT11 2JF|KT112JF,"19, EATON PARK, COBHAM, KT11 2JF",19,,EATON PARK,,COBHAM,KT11 2JF,Elmbridge,Detached,eaton-park,Eaton Park,A,traditional_private_estate,pe:eaton-park:eaton-park:whole,surrey-private-estates-2026-07-22-corrected-6,verified,ready,2450000,1997-12-08,elmbridge-prime,A
lr-3d79778c51cf130d6ef5,property:SIDE LEY CAVENDISH ROAD WEYBRIDGE KT13 0JY|KT130JY,"SIDE LEY, CAVENDISH ROAD, WEYBRIDGE, KT13 0JY",SIDE LEY,,CAVENDISH ROAD,,WEYBRIDGE,KT13 0JY,Elmbridge,Detached,st-georges-hill,St George's Hill,A,traditional_private_estate,pe:st-georges-hill:cavendish-road:whole,surrey-private-estates-2026-07-22-corrected-6,verified,partial_ready,2000000,1997-04-30,elmbridge-prime,A
lr-d4b97ef9f81b629b0ae9,property:QUEEN ANNE HOUSE QUEENS DRIVE OXSHOTT LEATHERHEAD KT22 0PB|KT220PB,"QUEEN ANNE HOUSE, QUEENS DRIVE, OXSHOTT, LEATHERHEAD, KT22 0PB",QUEEN ANNE HOUSE,,QUEENS DRIVE,OXSHOTT,LEATHERHEAD,KT22 0PB,Elmbridge,Detached,crown-estate-oxshott,"Crown Estate, Oxshott",A,traditional_private_estate,pe:crown-estate-oxshott:queens-drive:whole,surrey-private-estates-2026-07-22-corrected-6,verified_multi_source,partial_ready,2690000,1997-04-23,elmbridge-prime,A
lr-8365990c5de62b5c993d,property:EAST COTTAGE CHOBHAM PLACE CHOBHAM WOKING GU24 8TN|GU248TN,"EAST COTTAGE, CHOBHAM PLACE, CHOBHAM, WOKING, GU24 8TN",EAST COTTAGE,,CHOBHAM PLACE,CHOBHAM,WOKING,GU24 8TN,Surrey Heath,Detached,,,,,,surrey-private-estates-2026-07-22-corrected-6,,,5650000,1996-11-15,surrey-heath,A
lr-21aa3fd6c8d56df4e7f1,property:DENE PLACE NURSING HOME RIPLEY LANE WEST HORSLEY LEATHERHEAD KT24 6JW|KT246JW,"DENE PLACE NURSING HOME, RIPLEY LANE, WEST HORSLEY, LEATHERHEAD, KT24 6JW",DENE PLACE NURSING HOME,,RIPLEY LANE,WEST HORSLEY,LEATHERHEAD,KT24 6JW,Guildford,Flat Maisonette,,,,,,surrey-private-estates-2026-07-22-corrected-6,,,2142000,1996-11-15,guildford-district,A
lr-065108f2c71a0ebf5f9e,property:THORNETS HOUSE BUILDER GARDENS LEATHERHEAD KT22 7DE|KT227DE,"THORNETS HOUSE, BUILDER GARDENS, LEATHERHEAD, KT22 7DE",THORNETS HOUSE,,BUILDER GARDENS,,LEATHERHEAD,KT22 7DE,Mole Valley,Flat Maisonette,,,,,,surrey-private-estates-2026-07-22-corrected-6,,,5610000,1995-01-09,mole-valley,A
